mandi_id,price_date,commodity,arrivals,min_price,max_price,modal_price
M1,2024-01-01,Onion,2558,855,1045,914
M1,2024-01-03,Onion,2748,961,1114,1048
M1,2024-01-04,Onion,2606,888,1162,1041
M1,2024-01-05,Onion,2682,924,1103,1042
M1,2024-01-06,Onion,2436,775,956,910
M1,2024-01-07,Onion,3120,795,1008,918
M1,2024-01-08,Onion,2705,884,1087,951
M1,2024-01-09,Onion,3364,863,1062,967
M1,2024-01-10,Onion,3098,812,1048,931
M1,2024-01-11,Onion,3135,837,1060,969
M1,2024-01-12,Onion,2959,873,1166,1018
M1,2024-01-14,Onion,3164,835,1043,975
M1,2024-01-15,Onion,2895,997,1167,1054
M1,2024-01-16,Onion,2689,978,1102,1043
M1,2024-01-17,Onion,2326,795,1013,916
M1,2024-01-19,Onion,3225,857,953,903
M1,2024-01-20,Onion,3271,914,1031,972
M1,2024-01-21,Onion,3382,877,1044,929
M1,2024-01-23,Onion,3088,847,1062,924
M1,2024-01-24,Onion,2899,898,1131,1008
M1,2024-01-24,Onion,2899,898,1131,1008
M1,2024-01-26,Onion,3048,811,1027,903
M1,2024-01-28,Onion,2616,883,1128,1017
M1,2024-01-29,Onion,2339,842,1019,964
M1,2024-01-30,Onion,3012,942,1169,1021
M1,2024-01-31,Onion,2329,887,1076,1023
M1,2024-02-01,Onion,2995,720,941,847
M1,2024-02-02,Onion,3636,776,892,840
M1,2024-02-04,Onion,2982,851,1024,930
M1,2024-02-05,Onion,2877,890,1040,938
M1,2024-02-07,Onion,3481,788,1006,882
M1,2024-02-08,Onion,2618,814,1025,938
M1,2024-02-09,Onion,3405,740,926,857
M1,2024-02-10,Onion,3403,812,970,920
M1,2024-02-11,Onion,2592,842,966,898
M1,2024-02-12,Onion,3517,908,1025,966
M1,2024-02-13,Onion,3552,845,1083,944
M1,2024-02-14,Onion,3540,821,1014,921
M1,2024-02-15,Onion,3626,876,1062,970
M1,2024-02-16,Onion,2948,793,932,852
M1,2024-02-17,Onion,2574,789,947,882
M1,2024-02-18,Onion,2728,870,1026,970
M1,2024-02-19,Onion,2596,894,1051,968
M1,2024-02-20,Onion,3561,816,989,861
M1,2024-02-22,Onion,3055,802,960,882
M1,2024-02-23,Onion,2946,822,1039,905
M1,2024-02-24,Onion,2523,814,970,860
M1,2024-02-25,Onion,2657,924,1121,978
M1,2024-02-27,Onion,3680,920,1033,970
M1,2024-02-29,Onion,3084,823,1024,907
M1,2024-03-01,Onion,2504,938,1100,1011
M1,2024-03-01,Onion,2504,938,1100,1011
M1,2024-03-02,Onion,2296,950,1158,1014
M1,2024-03-03,Onion,2348,948,1056,1003
M1,2024-03-04,Onion,3415,959,1122,1029
M1,2024-03-06,Onion,3370,850,1104,969
M1,2024-03-07,Onion,3217,965,1091,1036
M1,2024-03-10,Onion,2409,920,1126,1048
M1,2024-03-13,Onion,3133,911,1142,994
M1,2024-03-14,Onion,2798,881,1071,962
M1,2024-03-15,Onion,3102,876,1115,980
M1,2024-03-16,Onion,3214,944,1137,1012
M1,2024-03-17,Onion,2788,884,1057,980
M1,2024-03-18,Onion,2491,821,1038,912
M1,2024-03-19,Onion,2989,914,1083,1015
M1,2024-03-20,Onion,2390,858,1061,991
M1,2024-03-21,Onion,2897,964,1178,1032
M1,2024-03-22,Onion,2825,844,969,905
M1,2024-03-23,Onion,3120,853,971,903
M1,2024-03-24,Onion,2850,928,1186,1047
M1,2024-03-25,Onion,3094,867,1053,975
M1,2024-03-26,Onion,2392,807,1049,938
M1,2024-03-27,Onion,2860,932,1121,1004
M1,2024-03-28,Onion,3233,966,1141,1048
M1,2024-03-29,Onion,2941,832,1060,964
M1,2024-03-30,Onion,2968,883,1140,1002
M1,2024-04-01,Onion,2543,1011,1236,1121
M1,2024-04-02,Onion,2393,1103,1350,1253
M1,2024-04-03,Onion,2476,1099,1305,1196
M1,2024-04-04,Onion,2699,1020,1288,1168
M1,2024-04-05,Onion,2715,933,1179,1080
M1,2024-04-06,Onion,2096,1007,1156,1075
M1,2024-04-08,Onion,2735,1096,1420,1254
M1,2024-04-11,Onion,1960,989,1229,1117
M1,2024-04-12,Onion,2068,991,1202,1128
M1,2024-04-13,Onion,2338,1003,1204,1120
M1,2024-04-14,Onion,2010,992,1227,1108
M1,2024-04-15,Onion,2836,1057,1250,1154
M1,2024-04-16,Onion,2358,1162,1382,1239
M1,2024-04-17,Onion,2497,1106,1350,1201
M1,2024-04-18,Onion,2457,998,1322,1155
M1,2024-04-21,Onion,2046,1097,1322,1177
M1,2024-04-22,Onion,2236,1115,1393,1243
M1,2024-04-23,Onion,2602,1101,1296,1218
M1,2024-04-24,Onion,2876,977,1193,1091
M1,2024-04-25,Onion,1986,1149,1296,1234
M1,2024-04-26,Onion,2727,1117,1295,1227
M1,2024-04-27,Onion,2658,1151,1393,1229
M1,2024-04-28,Onion,2037,996,1301,1154
M1,2024-04-29,Onion,2554,1105,1321,1176
M1,2024-04-30,Onion,2640,1089,1304,1221
M1,2024-05-01,Onion,1773,1293,1545,1392
M1,2024-05-02,Onion,1830,1305,1539,1414
M1,2024-05-03,Onion,1821,1150,1468,1317
M1,2024-05-04,Onion,2021,1257,1599,1431
M1,2024-05-06,Onion,1751,1338,1494,1416
M1,2024-05-08,Onion,2190,1253,1530,1432
M1,2024-05-09,Onion,2052,1402,1588,1509
M1,2024-05-11,Onion,1619,1225,1473,1343
M1,2024-05-12,Onion,1862,1241,1544,1350
M1,2024-05-13,Onion,2114,1263,1525,1405
M1,2024-05-14,Onion,1955,1253,1497,1396
M1,2024-05-15,Onion,1974,1137,1508,1322
M1,2024-05-17,Onion,1773,1254,1521,1353
M1,2024-05-18,Onion,1640,1211,1482,1402
M1,2024-05-19,Onion,1803,1258,1498,1345
M1,2024-05-20,Onion,2283,1270,1561,1405
M1,2024-05-21,Onion,2249,1345,1606,1499
M1,2024-05-22,Onion,2082,1353,1567,1486
M1,2024-05-24,Onion,1953,1212,1474,1332
M1,2024-05-25,Onion,1670,1273,1548,1449
M1,2024-05-27,Onion,1741,1252,1503,1341
M1,2024-05-28,Onion,1671,1167,1478,1372
M1,2024-05-29,Onion,1913,1315,1602,1496
M1,2024-05-30,Onion,1934,1273,1577,1481
M1,2024-05-31,Onion,2105,1307,1553,1458
M1,2024-06-01,Onion,1702,1439,1789,1632
M1,2024-06-02,Onion,1988,1664,1911,1766
M1,2024-06-04,Onion,1872,1374,1657,1576
M1,2024-06-05,Onion,1505,1614,1846,1703
M1,2024-06-06,Onion,1996,1671,1921,1781
M1,2024-06-07,Onion,1738,1457,1813,1654
M1,2024-06-08,Onion,1795,1517,1951,1740
M1,2024-06-09,Onion,1879,1547,1973,1736
M1,2024-06-10,Onion,1563,1376,1652,1544
M1,2024-06-11,Onion,2024,1463,1789,1581
M1,2024-06-13,Onion,1631,1643,1945,1791
M1,2024-06-14,Onion,1584,1498,1772,1681
M1,2024-06-15,Onion,1517,1544,1991,1771
M1,2024-06-16,Onion,1546,1429,1736,1632
M1,2024-06-16,Onion,1546,1429,1736,1632
M1,2024-06-17,Onion,1448,1534,1922,1785
M1,2024-06-18,Onion,1933,1475,1890,1696
M1,2024-06-19,Onion,1409,1330,1682,1539
M1,2024-06-20,Onion,1393,1503,1978,1752
M1,2024-06-21,Onion,1372,1453,1701,1566
M1,2024-06-22,Onion,1491,1547,1986,1788
M1,2024-06-24,Onion,1998,1546,1943,1705
M1,2024-06-26,Onion,1816,1590,1827,1708
M1,2024-06-27,Onion,1506,1587,1804,1671
M1,2024-06-28,Onion,1395,1605,1864,1694
M1,2024-06-29,Onion,1618,1576,1979,1789
M1,2024-06-30,Onion,2020,1397,1639,1530
M1,2024-07-01,Onion,1446,1750,2091,1896
M1,2024-07-02,Onion,1490,1748,2176,1927
M1,2024-07-03,Onion,1357,1832,2071,1946
M1,2024-07-04,Onion,1615,1619,2083,1839
M1,2024-07-05,Onion,1664,1711,2013,1907
M1,2024-07-06,Onion,1640,1531,1951,1752
M1,2024-07-07,Onion,1292,1610,2079,1818
M1,2024-07-08,Onion,1563,1716,2058,1810
M1,2024-07-09,Onion,1693,1718,2080,1858
M1,2024-07-10,Onion,1331,1779,2085,1878
M1,2024-07-11,Onion,1645,1783,2139,1918
M1,2024-07-12,Onion,1490,1703,2020,1850
M1,2024-07-13,Onion,1749,1684,1906,1777
M1,2024-07-14,Onion,1562,1601,2057,1857
M1,2024-07-15,Onion,1721,1709,2110,1869
M1,2024-07-16,Onion,1709,1711,2082,1874
M1,2024-07-18,Onion,1799,1486,1897,1743
M1,2024-07-19,Onion,1231,1514,1939,1750
M1,2024-07-20,Onion,1376,1838,2195,1971
M1,2024-07-21,Onion,1230,1614,1886,1783
M1,2024-07-22,Onion,1592,1547,1852,1733
M1,2024-07-23,Onion,1238,1683,1934,1800
M1,2024-07-24,Onion,1472,1711,2109,1885
M1,2024-07-24,Onion,1472,1711,2109,1885
M1,2024-07-27,Onion,1687,1883,2167,1992
M1,2024-07-28,Onion,1693,1661,1998,1760
M1,2024-07-29,Onion,1758,1658,1935,1762
M1,2024-07-31,Onion,1495,1588,2021,1843
M1,2024-08-01,Onion,1453,1701,2096,1970
M1,2024-08-02,Onion,1216,1840,2250,2017
M1,2024-08-03,Onion,1508,1867,2181,2023
M1,2024-08-04,Onion,1306,1562,2026,1814
M1,2024-08-05,Onion,1606,1686,2176,1943
M1,2024-08-07,Onion,1606,1659,2028,1867
M1,2024-08-09,Onion,1243,1638,1982,1827
M1,2024-08-10,Onion,1312,1913,2239,2037
M1,2024-08-11,Onion,1449,1538,2019,1786
M1,2024-08-12,Onion,1503,1860,2307,2014
M1,2024-08-12,Onion,1503,1860,2307,2014
M1,2024-08-13,Onion,1485,1746,2095,1862
M1,2024-08-14,Onion,1286,1609,1906,1765
M1,2024-08-15,Onion,1308,1917,2209,2049
M1,2024-08-16,Onion,1545,1599,1926,1821
M1,2024-08-18,Onion,1497,1673,1982,1859
M1,2024-08-19,Onion,1323,1708,2040,1898
M1,2024-08-20,Onion,1516,1832,2283,1986
M1,2024-08-21,Onion,1677,1735,2161,1963
M1,2024-08-22,Onion,1480,1527,1881,1763
M1,2024-08-23,Onion,1614,1660,2030,1835
M1,2024-08-24,Onion,1262,1807,2159,2039
M1,2024-08-25,Onion,1438,1600,2003,1840
M1,2024-08-26,Onion,1400,1687,2049,1944
M1,2024-08-28,Onion,1347,1871,2238,1980
M1,2024-08-29,Onion,1346,1741,2225,1967
M1,2024-08-30,Onion,1425,1668,2140,1918
M1,2024-08-31,Onion,1676,1794,2238,2005
M1,2024-09-01,Onion,1277,1628,2137,1861
M1,2024-09-02,Onion,1289,1824,2236,1971
M1,2024-09-03,Onion,1716,1621,1992,1821
M1,2024-09-04,Onion,1392,1603,1896,1801
M1,2024-09-05,Onion,1504,1704,2046,1935
M1,2024-09-06,Onion,1718,1587,1959,1839
M1,2024-09-08,Onion,1369,1616,2053,1805
M1,2024-09-09,Onion,1344,1554,1998,1797
M1,2024-09-10,Onion,1554,1720,2107,1906
M1,2024-09-11,Onion,1335,1657,1974,1850
M1,2024-09-12,Onion,1672,1624,2011,1765
M1,2024-09-13,Onion,1246,1834,2115,1969
M1,2024-09-14,Onion,1600,1589,1983,1760
M1,2024-09-15,Onion,1507,1583,1870,1742
M1,2024-09-16,Onion,1308,1663,2013,1903
M1,2024-09-17,Onion,1329,1740,2016,1837
M1,2024-09-18,Onion,1371,1559,1858,1769
M1,2024-09-19,Onion,1480,1700,2106,1955
M1,2024-09-20,Onion,1284,1746,2099,1962
M1,2024-09-21,Onion,1764,1529,1873,1755
M1,2024-09-22,Onion,1361,1557,1850,1757
M1,2024-09-23,Onion,1299,1825,2164,1940
M1,2024-09-24,Onion,1318,1535,1962,1789
M1,2024-09-25,Onion,1576,1607,1931,1790
M1,2024-09-27,Onion,1338,1748,2069,1916
M1,2024-09-29,Onion,1296,1660,1910,1751
M1,2024-09-30,Onion,1382,1560,1874,1755
M1,2024-10-01,Onion,1534,2443,2865,2647
M1,2024-10-02,Onion,1699,2487,2971,2684
M1,2024-10-03,Onion,1678,2289,2646,2459
M1,2024-10-04,Onion,1511,2457,3186,2799
M1,2024-10-05,Onion,1592,2294,2914,2559
M1,2024-10-06,Onion,1413,2346,2693,2543
M1,2024-10-07,Onion,1524,2554,3169,2845
M1,2024-10-08,Onion,1501,2163,2865,2531
M1,2024-10-09,Onion,1651,2436,2925,2637
M1,2024-10-11,Onion,1643,2510,3098,2714
M1,2024-10-12,Onion,1946,2160,2878,2522
M1,2024-10-13,Onion,1591,2209,2809,2475
M1,2024-10-15,Onion,1974,2207,2663,2503
M1,2024-10-18,Onion,1489,2642,2971,2786
M1,2024-10-19,Onion,2039,2469,3024,2638
M1,2024-10-21,Onion,1966,1478,1889,1686
M1,2024-10-24,Onion,1620,1497,1831,1644
M1,2024-10-25,Onion,1383,1377,1699,1608
M1,2024-10-26,Onion,1628,1440,1689,1575
M1,2024-10-27,Onion,1986,1511,2025,1764
M1,2024-10-28,Onion,1935,1596,1936,1727
M1,2024-10-29,Onion,1682,1452,1852,1625
M1,2024-10-30,Onion,1477,1485,1844,1701
M1,2024-10-31,Onion,1770,1549,1943,1715
M1,2024-11-01,Onion,2175,1218,1539,1416
M1,2024-11-02,Onion,1682,1244,1577,1463
M1,2024-11-03,Onion,1872,1426,1722,1532
M1,2024-11-04,Onion,2106,1354,1702,1485
M1,2024-11-06,Onion,1845,1218,1550,1358
M1,2024-11-07,Onion,2237,1291,1591,1503
M1,2024-11-08,Onion,1903,1364,1576,1461
M1,2024-11-10,Onion,1876,1323,1656,1505
M1,2024-11-11,Onion,1924,1192,1454,1364
M1,2024-11-12,Onion,2211,1404,1609,1486
M1,2024-11-13,Onion,2145,1245,1584,1405
M1,2024-11-14,Onion,1801,1406,1706,1510
M1,2024-11-15,Onion,1660,1167,1458,1346
M1,2024-11-16,Onion,1966,1252,1534,1377
M1,2024-11-17,Onion,1735,1199,1521,1385
M1,2024-11-18,Onion,2050,1345,1669,1452
M1,2024-11-19,Onion,1917,1304,1695,1490
M1,2024-11-20,Onion,1648,1154,1458,1323
M1,2024-11-21,Onion,1809,1137,1466,1324
M1,2024-11-24,Onion,2311,1207,1549,1384
M1,2024-11-25,Onion,2353,1272,1476,1357
M1,2024-11-26,Onion,1656,1188,1505,1376
M1,2024-11-27,Onion,1712,1271,1535,1428
M1,2024-11-28,Onion,2079,1198,1418,1327
M1,2024-11-29,Onion,1879,1274,1585,1399
M1,2024-11-30,Onion,1681,1249,1396,1321
M1,2024-12-01,Onion,2901,1004,1307,1154
M1,2024-12-02,Onion,2301,1034,1298,1177
M1,2024-12-03,Onion,2356,1131,1379,1234
M1,2024-12-04,Onion,2396,995,1159,1099
M1,2024-12-05,Onion,2172,970,1221,1088
M1,2024-12-06,Onion,2698,1127,1429,1259
M1,2024-12-07,Onion,2285,1015,1283,1154
M1,2024-12-08,Onion,2046,1116,1436,1264
M1,2024-12-09,Onion,2047,1149,1300,1222
M1,2024-12-10,Onion,2167,986,1282,1153
M1,2024-12-11,Onion,2572,1060,1210,1130
M1,2024-12-12,Onion,2574,1006,1283,1141
M1,2024-12-14,Onion,2073,1010,1142,1086
M1,2024-12-15,Onion,2908,1057,1234,1143
M1,2024-12-16,Onion,2843,1047,1215,1113
M1,2024-12-17,Onion,2186,1054,1367,1221
M1,2024-12-18,Onion,2108,992,1236,1130
M1,2024-12-19,Onion,2102,951,1196,1115
M1,2024-12-20,Onion,2139,1057,1251,1179
M1,2024-12-21,Onion,2895,1026,1291,1133
M1,2024-12-22,Onion,2864,1073,1353,1219
M1,2024-12-23,Onion,2545,1045,1367,1220
M1,2024-12-24,Onion,2576,1088,1336,1237
M1,2024-12-25,Onion,2505,962,1193,1128
M1,2024-12-26,Onion,2788,1041,1227,1113
M1,2024-12-27,Onion,2802,1051,1245,1132
M1,2024-12-28,Onion,2680,1046,1357,1213
M1,2024-12-29,Onion,2536,1134,1338,1225
M1,2024-12-30,Onion,1982,991,1264,1149
M1,2024-12-31,Onion,2013,1026,1280,1142
M1,2025-01-01,Onion,3272,819,1031,959
M1,2025-01-02,Onion,3152,875,1023,963
M1,2025-01-04,Onion,2667,843,1054,972
M1,2025-01-05,Onion,3061,895,1093,1029
M1,2025-01-06,Onion,2872,966,1175,1025
M1,2025-01-07,Onion,2894,952,1147,1057
M1,2025-01-09,Onion,3073,900,1146,1049
M1,2025-01-10,Onion,2345,842,1102,964
M1,2025-01-11,Onion,2688,955,1101,1018
M1,2025-01-13,Onion,2969,848,1016,951
M1,2025-01-14,Onion,2882,945,1183,1065
M1,2025-01-16,Onion,2789,924,1156,1019
M1,2025-01-17,Onion,3303,942,1146,1037
M1,2025-01-18,Onion,3016,995,1178,1048
M1,2025-01-19,Onion,2694,856,1004,952
M1,2025-01-20,Onion,3431,917,1146,1056
M1,2025-01-22,Onion,3376,824,1029,954
M1,2025-01-23,Onion,2855,799,974,918
M1,2025-01-24,Onion,2784,894,1115,997
M1,2025-01-25,Onion,2555,909,1117,1023
M1,2025-01-26,Onion,2695,882,1095,983
M1,2025-01-27,Onion,3135,848,1087,979
M1,2025-01-29,Onion,3258,973,1133,1057
M1,2025-01-30,Onion,3159,810,1014,920
M1,2025-01-31,Onion,2733,951,1113,1028
M1,2025-02-01,Onion,2970,781,998,906
M1,2025-02-03,Onion,2465,935,1137,1001
M1,2025-02-04,Onion,3281,807,963,905
M1,2025-02-05,Onion,3652,930,1112,992
M1,2025-02-06,Onion,2558,836,1033,930
M1,2025-02-07,Onion,2935,798,1019,914
M1,2025-02-08,Onion,2552,771,963,882
M1,2025-02-09,Onion,2474,780,1003,897
M1,2025-02-10,Onion,3201,906,1006,955
M1,2025-02-11,Onion,3308,831,962,907
M1,2025-02-12,Onion,2616,888,1106,966
M1,2025-02-13,Onion,3238,744,985,871
M1,2025-02-14,Onion,3078,825,998,911
M1,2025-02-15,Onion,2867,853,1103,971
M1,2025-02-16,Onion,2899,806,962,867
M1,2025-02-17,Onion,3580,931,1047,990
M1,2025-02-18,Onion,2970,837,991,922
M1,2025-02-19,Onion,2970,804,1001,909
M1,2025-02-20,Onion,3452,854,1090,961
M1,2025-02-21,Onion,3155,896,1096,962
M1,2025-02-22,Onion,2785,872,1005,940
M1,2025-02-23,Onion,2855,868,1094,967
M1,2025-02-24,Onion,2754,872,1094,964
M1,2025-02-25,Onion,3638,915,1089,972
M1,2025-02-27,Onion,2954,812,970,908
M1,2025-02-28,Onion,3373,884,1093,954
M1,2025-03-01,Onion,2313,844,1105,980
M1,2025-03-02,Onion,2735,836,999,923
M1,2025-03-04,Onion,3438,897,1054,1004
M1,2025-03-05,Onion,3359,979,1175,1063
M1,2025-03-06,Onion,3166,857,1032,944
M1,2025-03-07,Onion,2484,813,1063,954
M1,2025-03-08,Onion,3428,887,1091,999
M1,2025-03-08,Onion,3428,887,1091,999
M1,2025-03-09,Onion,3095,894,1128,1011
M1,2025-03-10,Onion,3267,957,1157,1053
M1,2025-03-11,Onion,2526,918,1144,1050
M1,2025-03-13,Onion,2606,962,1191,1078
M1,2025-03-14,Onion,3054,887,1055,958
M1,2025-03-15,Onion,2480,809,983,928
M1,2025-03-16,Onion,3308,852,1063,987
M1,2025-03-17,Onion,2333,818,978,927
M1,2025-03-19,Onion,2658,872,1058,939
M1,2025-03-21,Onion,3405,968,1125,1027
M1,2025-03-22,Onion,2802,890,1031,961
M1,2025-03-23,Onion,2757,870,1086,959
M1,2025-03-25,Onion,2419,845,1071,936
M1,2025-03-27,Onion,3396,829,996,937
M1,2025-03-28,Onion,3110,908,1083,1025
M1,2025-03-29,Onion,2521,907,1107,1025
M1,2025-03-30,Onion,2958,811,1012,947
M1,2025-03-31,Onion,2972,958,1114,1038
M1,2025-04-01,Onion,2373,1063,1307,1192
M1,2025-04-03,Onion,2755,1125,1426,1247
M1,2025-04-04,Onion,2696,1175,1324,1259
M1,2025-04-05,Onion,2472,1151,1374,1274
M1,2025-04-06,Onion,2036,951,1175,1094
M1,2025-04-07,Onion,2543,1036,1235,1128
M1,2025-04-07,Onion,2543,1036,1235,1128
M1,2025-04-08,Onion,2433,1090,1275,1162
M1,2025-04-09,Onion,2255,964,1251,1105
M1,2025-04-10,Onion,1994,1060,1299,1186
M1,2025-04-11,Onion,2897,1116,1360,1202
M1,2025-04-12,Onion,2787,1056,1315,1234
M1,2025-04-13,Onion,2363,981,1265,1150
M1,2025-04-14,Onion,1951,1087,1326,1219
M1,2025-04-15,Onion,2563,1055,1335,1203
M1,2025-04-16,Onion,2667,1032,1230,1151
M1,2025-04-17,Onion,2858,1075,1239,1169
M1,2025-04-18,Onion,2681,1041,1319,1176
M1,2025-04-19,Onion,2738,1124,1428,1244
M1,2025-04-20,Onion,2858,1102,1281,1214
M1,2025-04-21,Onion,2678,1093,1348,1270
M1,2025-04-22,Onion,2164,1066,1203,1138
M1,2025-04-23,Onion,2902,1070,1236,1170
M1,2025-04-24,Onion,1948,1164,1368,1278
M1,2025-04-25,Onion,2155,1120,1405,1254
M1,2025-04-26,Onion,2354,1038,1321,1187
M1,2025-04-27,Onion,2606,1087,1310,1162
M1,2025-04-28,Onion,2798,1044,1362,1209
M1,2025-04-29,Onion,2793,1017,1263,1151
M1,2025-04-30,Onion,2125,1009,1264,1116
M1,2025-05-01,Onion,2141,1297,1473,1384
M1,2025-05-03,Onion,2218,1361,1652,1477
M1,2025-05-04,Onion,2366,1346,1679,1538
M1,2025-05-05,Onion,2106,1323,1736,1552
M1,2025-05-06,Onion,2205,1324,1602,1431
M1,2025-05-08,Onion,1698,1245,1459,1366
M1,2025-05-09,Onion,2170,1301,1719,1500
M1,2025-05-10,Onion,2293,1374,1684,1483
M1,2025-05-11,Onion,2294,1251,1602,1456
M1,2025-05-12,Onion,2031,1159,1477,1338
M1,2025-05-13,Onion,1809,1172,1570,1378
M1,2025-05-14,Onion,2331,1234,1498,1370
M1,2025-05-15,Onion,1607,1445,1689,1524
M1,2025-05-16,Onion,1680,1312,1547,1406
M1,2025-05-17,Onion,1718,1243,1462,1345
M1,2025-05-18,Onion,2325,1276,1563,1448
M1,2025-05-19,Onion,2148,1275,1607,1413
M1,2025-05-20,Onion,2280,1317,1555,1456
M1,2025-05-21,Onion,1973,1303,1489,1390
M1,2025-05-22,Onion,2281,1214,1455,1380
M1,2025-05-23,Onion,1721,1434,1661,1547
M1,2025-05-24,Onion,1639,1302,1505,1396
M1,2025-05-25,Onion,2105,1300,1673,1455
M1,2025-05-26,Onion,2397,1174,1573,1375
M1,2025-05-27,Onion,1929,1248,1472,1347
M1,2025-05-28,Onion,1890,1274,1528,1445
M1,2025-05-29,Onion,2092,1321,1604,1401
M1,2025-05-30,Onion,2211,1209,1476,1405
M1,2025-05-31,Onion,2184,1236,1499,1333
M1,2025-06-01,Onion,1626,1366,1754,1606
M1,2025-06-03,Onion,1497,1619,1930,1735
M1,2025-06-04,Onion,1453,1584,1901,1798
M1,2025-06-05,Onion,1732,1490,1854,1690
M1,2025-06-06,Onion,1413,1413,1817,1597
M1,2025-06-07,Onion,1888,1633,1952,1800
M1,2025-06-08,Onion,1413,1337,1783,1561
M1,2025-06-09,Onion,1616,1495,1924,1724
M1,2025-06-10,Onion,1382,1615,1980,1809
M1,2025-06-11,Onion,1809,1678,1990,1809
M1,2025-06-12,Onion,1604,1628,1863,1763
M1,2025-06-13,Onion,1474,1580,1891,1707
M1,2025-06-14,Onion,2014,1510,1698,1606
M1,2025-06-15,Onion,1946,1556,1803,1695
M1,2025-06-16,Onion,1443,1589,1862,1706
M1,2025-06-17,Onion,1584,1343,1764,1570
M1,2025-06-19,Onion,1519,1565,1847,1720
M1,2025-06-20,Onion,1610,1627,1879,1761
M1,2025-06-21,Onion,2024,1449,1760,1599
M1,2025-06-23,Onion,2021,1695,1993,1815
M1,2025-06-24,Onion,1764,1489,1932,1720
M1,2025-06-25,Onion,1514,1333,1705,1563
M1,2025-06-27,Onion,1926,1578,1831,1736
M1,2025-06-29,Onion,1547,1617,2002,1763
M1,2025-06-30,Onion,1576,1418,1787,1566
M1,2025-07-01,Onion,1259,1529,1879,1747
M1,2025-07-02,Onion,1271,1519,2015,1761
M1,2025-07-04,Onion,1470,1658,1987,1806
M1,2025-07-05,Onion,1641,1661,1979,1848
M1,2025-07-06,Onion,1459,1567,1960,1843
M1,2025-07-07,Onion,1750,1822,2110,1960
M1,2025-07-08,Onion,1346,1707,2028,1893
M1,2025-07-09,Onion,1713,1824,2203,1987
M1,2025-07-10,Onion,1702,1641,2003,1904
M1,2025-07-11,Onion,1825,1623,2047,1829
M1,2025-07-12,Onion,1802,1756,2265,2015
M1,2025-07-13,Onion,1510,1632,2139,1887
M1,2025-07-14,Onion,1464,1581,2003,1803
M1,2025-07-15,Onion,1363,1704,2177,1957
M1,2025-07-16,Onion,1682,1726,2005,1840
M1,2025-07-17,Onion,1338,1707,2079,1834
M1,2025-07-18,Onion,1284,1743,2252,1991
M1,2025-07-19,Onion,1429,1723,1998,1867
M1,2025-07-20,Onion,1396,1700,2079,1870
M1,2025-07-21,Onion,1598,1676,2135,1891
M1,2025-07-22,Onion,1504,1708,1986,1875
M1,2025-07-23,Onion,1381,1737,2103,1964
M1,2025-07-24,Onion,1584,1871,2188,1986
M1,2025-07-25,Onion,1641,1670,1908,1764
M1,2025-07-26,Onion,1518,1655,1915,1796
M1,2025-07-27,Onion,1538,1768,2181,1930
M1,2025-07-28,Onion,1588,1785,2211,2009
M1,2025-07-29,Onion,1270,1556,2013,1824
M1,2025-07-30,Onion,1485,1894,2131,2008
M1,2025-07-31,Onion,1325,1750,2072,1875
M1,2025-08-01,Onion,1283,1848,2274,2056
M1,2025-08-02,Onion,1569,1672,2187,1909
M1,2025-08-03,Onion,1563,1688,2154,1920
M1,2025-08-04,Onion,1704,1771,2284,2037
M1,2025-08-05,Onion,1718,1620,2053,1861
M1,2025-08-06,Onion,1477,1681,2193,1949
M1,2025-08-07,Onion,1687,1768,2178,2016
M1,2025-08-07,Onion,1687,1768,2178,2016
M1,2025-08-08,Onion,1649,1667,1981,1879
M1,2025-08-09,Onion,1615,1615,2067,1833
M1,2025-08-10,Onion,1531,2459,2905,2725
M1,2025-08-11,Onion,1629,2558,3182,2905
M1,2025-08-12,Onion,1606,2676,3314,2948
M1,2025-08-13,Onion,1690,2414,2814,2563
M1,2025-08-14,Onion,1704,2647,3053,2789
M1,2025-08-15,Onion,1680,2649,3294,2879
M1,2025-08-16,Onion,1724,2640,3181,2805
M1,2025-08-17,Onion,1269,2597,3148,2839
M1,2025-08-18,Onion,1256,2409,3062,2730
M1,2025-08-18,Onion,1256,2409,3062,2730
M1,2025-08-19,Onion,1735,2504,2928,2722
M1,2025-08-20,Onion,1655,2290,2845,2679
M1,2025-08-21,Onion,1478,2379,2952,2688
M1,2025-08-22,Onion,1707,2675,3303,2947
M1,2025-08-24,Onion,1378,2530,3207,2839
M1,2025-08-25,Onion,1522,2473,2857,2715
M1,2025-08-26,Onion,1473,1837,2185,1993
M1,2025-08-27,Onion,1444,1781,2236,2061
M1,2025-08-29,Onion,1525,1857,2276,2106
M1,2025-08-30,Onion,1433,1712,1998,1836
M1,2025-08-31,Onion,1572,1695,2019,1846
M1,2025-09-01,Onion,1663,1626,1861,1767
M1,2025-09-02,Onion,1385,1614,1994,1754
M1,2025-09-05,Onion,1728,1785,2109,1938
M1,2025-09-06,Onion,1230,1591,2028,1821
M1,2025-09-07,Onion,1652,1722,2138,1932
M1,2025-09-08,Onion,1821,1650,2037,1785
M1,2025-09-09,Onion,1773,1613,2117,1846
M1,2025-09-10,Onion,1298,1601,2039,1803
M1,2025-09-11,Onion,1571,1769,2178,2011
M1,2025-09-12,Onion,1246,1558,2057,1831
M1,2025-09-13,Onion,1819,1504,1989,1738
M1,2025-09-14,Onion,1717,1656,2002,1884
M1,2025-09-15,Onion,1741,1811,2113,1913
M1,2025-09-16,Onion,1572,1836,2295,2018
M1,2025-09-17,Onion,1625,1543,1894,1746
M1,2025-09-18,Onion,1588,1820,2201,1966
M1,2025-09-19,Onion,1766,1572,1947,1797
M1,2025-09-20,Onion,1349,1735,2014,1873
M1,2025-09-21,Onion,1268,1654,1903,1742
M1,2025-09-22,Onion,1696,1617,2033,1818
M1,2025-09-24,Onion,1700,1761,2277,2013
M1,2025-09-25,Onion,1767,1625,2041,1816
M1,2025-09-26,Onion,1393,1596,1853,1737
M1,2025-09-28,Onion,1703,1647,2070,1819
M1,2025-09-29,Onion,1810,1783,2218,1969
M1,2025-09-30,Onion,1301,1692,2136,1959
M1,2025-10-01,Onion,1367,1473,1964,1730
M1,2025-10-02,Onion,1955,1526,1927,1728
M1,2025-10-06,Onion,1378,1672,1946,1761
M1,2025-10-07,Onion,1592,1716,2029,1810
M1,2025-10-08,Onion,1809,1641,1955,1763
M1,2025-10-09,Onion,1522,1368,1741,1596
M1,2025-10-10,Onion,1455,1437,1677,1573
M1,2025-10-11,Onion,1666,1502,1812,1684
M1,2025-10-13,Onion,1747,1654,1924,1766
M1,2025-10-14,Onion,1785,1667,2017,1788
M1,2025-10-15,Onion,1769,1650,1922,1765
M1,2025-10-17,Onion,1935,1469,1727,1589
M1,2025-10-18,Onion,1955,1632,1920,1763
M1,2025-10-19,Onion,1427,1456,1961,1708
M1,2025-10-20,Onion,1992,1497,1858,1651
M1,2025-10-22,Onion,1624,1480,1769,1579
M1,2025-10-23,Onion,1450,1540,1915,1785
M1,2025-10-25,Onion,2030,1664,1923,1767
M1,2025-10-26,Onion,1509,1494,1733,1595
M1,2025-10-27,Onion,1579,1514,1873,1702
M1,2025-10-28,Onion,1754,1503,1956,1706
M1,2025-10-29,Onion,1991,1627,1947,1742
M1,2025-10-30,Onion,1993,1486,1839,1723
M1,2025-10-31,Onion,1495,1484,1910,1673
M1,2025-11-02,Onion,1711,1333,1605,1495
M1,2025-11-03,Onion,1803,1255,1544,1389
M1,2025-11-04,Onion,1871,1344,1605,1416
M1,2025-11-05,Onion,2324,1247,1521,1343
M1,2025-11-06,Onion,2288,1206,1498,1340
M1,2025-11-08,Onion,1614,1422,1715,1537
M1,2025-11-09,Onion,1891,1209,1471,1388
M1,2025-11-10,Onion,2097,1278,1605,1498
M1,2025-11-11,Onion,2022,1275,1535,1365
M1,2025-11-12,Onion,2310,1324,1630,1484
M1,2025-11-13,Onion,1708,1271,1698,1486
M1,2025-11-14,Onion,2041,1266,1510,1405
M1,2025-11-15,Onion,2233,1306,1563,1428
M1,2025-11-16,Onion,2115,1313,1728,1511
M1,2025-11-18,Onion,2352,1272,1587,1474
M1,2025-11-19,Onion,2215,1296,1556,1447
M1,2025-11-20,Onion,1685,1279,1516,1375
M1,2025-11-22,Onion,1847,1331,1504,1402
M1,2025-11-23,Onion,1916,1364,1618,1472
M1,2025-11-24,Onion,2227,1276,1557,1378
M1,2025-11-25,Onion,2153,1360,1656,1497
M1,2025-11-26,Onion,1957,1324,1679,1475
M1,2025-11-27,Onion,2145,1328,1659,1530
M1,2025-11-28,Onion,2378,1210,1496,1372
M1,2025-11-29,Onion,1979,1418,1638,1501
M1,2025-11-30,Onion,2234,1317,1644,1460
M1,2025-12-01,Onion,2663,1065,1331,1241
M1,2025-12-02,Onion,2557,1099,1285,1159
M1,2025-12-04,Onion,2364,1020,1300,1168
M1,2025-12-06,Onion,2418,1081,1268,1192
M1,2025-12-07,Onion,2306,1170,1353,1254
M1,2025-12-08,Onion,2597,1154,1426,1272
M1,2025-12-09,Onion,2709,1073,1391,1259
M1,2025-12-12,Onion,2731,1043,1263,1138
M1,2025-12-13,Onion,2252,1031,1254,1166
M1,2025-12-14,Onion,2617,995,1238,1112
M1,2025-12-15,Onion,2435,941,1192,1107
M1,2025-12-16,Onion,2117,1036,1278,1197
M1,2025-12-17,Onion,2885,1067,1330,1161
M1,2025-12-18,Onion,2227,1018,1282,1129
M1,2025-12-19,Onion,2507,1032,1291,1192
M1,2025-12-20,Onion,2138,1208,1385,1279
M1,2025-12-21,Onion,2598,1110,1322,1234
M1,2025-12-22,Onion,2714,1047,1247,1130
M1,2025-12-24,Onion,2626,1005,1228,1106
M1,2025-12-25,Onion,2549,1099,1278,1196
M1,2025-12-26,Onion,2851,1124,1314,1184
M1,2025-12-27,Onion,2799,1120,1311,1181
M1,2025-12-28,Onion,2708,1124,1345,1196
M1,2025-12-29,Onion,2684,1009,1243,1138
M1,2025-12-30,Onion,1988,1121,1458,1295
M1,2025-12-31,Onion,2299,1107,1391,1281
M1,2026-01-01,Onion,2857,951,1133,1078
M1,2026-01-02,Onion,3054,915,1180,1055
M1,2026-01-03,Onion,2739,953,1101,1009
M1,2026-01-04,Onion,2730,844,1078,963
M1,2026-01-05,Onion,3365,861,1107,1000
M1,2026-01-06,Onion,2748,884,1078,1005
M1,2026-01-08,Onion,3256,921,1191,1036
M1,2026-01-10,Onion,2462,911,1092,967
M1,2026-01-11,Onion,2360,898,1134,997
M1,2026-01-12,Onion,2359,943,1223,1072
M1,2026-01-13,Onion,3174,977,1112,1040
M1,2026-01-14,Onion,3436,964,1173,1056
M1,2026-01-15,Onion,3313,1004,1203,1084
M1,2026-01-16,Onion,2834,861,1093,1006
M1,2026-01-17,Onion,2840,1005,1186,1060
M1,2026-01-18,Onion,3364,935,1186,1059
M1,2026-01-19,Onion,2352,873,1088,1012
M1,2026-01-20,Onion,2443,873,1036,969
M1,2026-01-21,Onion,2582,889,1089,960
M1,2026-01-22,Onion,3091,936,1164,1013
M1,2026-01-23,Onion,2725,955,1124,1036
M1,2026-01-25,Onion,2714,992,1167,1095
M1,2026-01-26,Onion,3088,951,1185,1078
M1,2026-01-27,Onion,2302,922,1134,1006
M1,2026-01-28,Onion,3361,896,1047,964
M1,2026-01-29,Onion,2867,906,1163,1021
M1,2026-01-30,Onion,2640,983,1136,1041
M1,2026-01-31,Onion,2769,932,1099,1016
M1,2026-02-01,Onion,2587,809,1090,951
M1,2026-02-02,Onion,2522,888,1123,982
M1,2026-02-03,Onion,3612,813,967,919
M1,2026-02-04,Onion,2855,826,1020,971
M1,2026-02-05,Onion,2979,888,1103,976
M1,2026-02-06,Onion,2722,798,996,884
M1,2026-02-07,Onion,2934,824,982,902
M1,2026-02-08,Onion,3467,812,1021,908
M1,2026-02-09,Onion,3171,952,1084,1017
M1,2026-02-10,Onion,2671,872,1156,1012
M1,2026-02-11,Onion,2715,888,1040,946
M1,2026-02-12,Onion,2664,839,969,922
M1,2026-02-14,Onion,2494,886,1126,987
M1,2026-02-15,Onion,2898,803,968,884
M1,2026-02-16,Onion,3117,809,946,875
M1,2026-02-17,Onion,2828,891,1009,940
M1,2026-02-18,Onion,3112,832,1029,940
M1,2026-02-19,Onion,2887,894,1061,977
M1,2026-02-21,Onion,3642,836,1077,954
M1,2026-02-22,Onion,2760,918,1082,1013
M1,2026-02-23,Onion,2753,866,1002,947
M1,2026-02-24,Onion,2915,886,996,942
M1,2026-02-25,Onion,3391,946,1112,1014
M1,2026-02-26,Onion,3505,850,1095,975
M1,2026-02-28,Onion,2859,862,1093,1013
M1,2026-03-01,Onion,2927,877,1080,998
M1,2026-03-02,Onion,3358,863,1043,982
M1,2026-03-03,Onion,2450,868,1024,953
M1,2026-03-05,Onion,2567,890,1133,1003
M1,2026-03-06,Onion,2656,1026,1209,1091
M1,2026-03-07,Onion,2475,955,1231,1099
M1,2026-03-08,Onion,2938,947,1106,1022
M1,2026-03-09,Onion,3189,954,1179,1027
M1,2026-03-10,Onion,2970,876,1047,977
M1,2026-03-11,Onion,2797,868,1029,977
M1,2026-03-12,Onion,3226,960,1168,1018
M1,2026-03-13,Onion,2631,996,1171,1049
M1,2026-03-15,Onion,3323,1007,1251,1091
M1,2026-03-16,Onion,2802,821,1004,940
M1,2026-03-17,Onion,2889,850,1046,961
M1,2026-03-18,Onion,3142,934,1112,1047
M1,2026-03-19,Onion,3260,977,1182,1033
M1,2026-03-20,Onion,2931,959,1155,1041
M1,2026-03-21,Onion,3423,960,1131,1047
M1,2026-03-22,Onion,3088,988,1154,1062
M1,2026-03-23,Onion,2458,938,1183,1040
M1,2026-03-25,Onion,2323,903,1125,1052
M1,2026-03-26,Onion,2370,872,1072,1011
M1,2026-03-27,Onion,2328,953,1110,1011
M1,2026-03-28,Onion,2949,907,1098,974
M1,2026-03-29,Onion,2491,907,1159,1056
M1,2026-03-31,Onion,2946,980,1158,1050
M1,2026-04-02,Onion,2426,1177,1357,1242
M1,2026-04-03,Onion,2369,986,1235,1134
M1,2026-04-04,Onion,2399,1145,1476,1291
M1,2026-04-05,Onion,2825,1076,1250,1158
M1,2026-04-06,Onion,2558,1178,1378,1255
M1,2026-04-07,Onion,1977,983,1260,1113
M1,2026-04-08,Onion,2470,1068,1383,1253
M1,2026-04-09,Onion,2144,1075,1292,1197
M1,2026-04-10,Onion,2449,986,1304,1140
M1,2026-04-11,Onion,2704,1092,1352,1182
M1,2026-04-12,Onion,1952,1091,1300,1190
M1,2026-04-14,Onion,2310,1056,1268,1182
M1,2026-04-15,Onion,2573,1022,1261,1196
M1,2026-04-16,Onion,2859,1058,1244,1169
M1,2026-04-18,Onion,2600,1152,1330,1222
M1,2026-04-19,Onion,2363,1025,1296,1158
M1,2026-04-20,Onion,2831,1129,1444,1294
M1,2026-04-21,Onion,2075,1012,1269,1168
M1,2026-04-22,Onion,1976,1043,1213,1130
M1,2026-04-23,Onion,2562,1015,1259,1169
M1,2026-04-24,Onion,2628,1098,1326,1234
M1,2026-04-25,Onion,2191,1092,1429,1253
M1,2026-04-27,Onion,2641,1200,1415,1281
M1,2026-04-28,Onion,2245,1007,1280,1144
M1,2026-04-29,Onion,2501,1060,1202,1122
M1,2026-05-01,Onion,2310,1491,1805,1575
M1,2026-05-03,Onion,2101,1233,1557,1402
M1,2026-05-04,Onion,1680,1255,1543,1434
M1,2026-05-05,Onion,1785,1242,1557,1435
M1,2026-05-07,Onion,1915,1359,1563,1466
M1,2026-05-08,Onion,1998,1324,1587,1432
M1,2026-05-09,Onion,1647,1230,1493,1357
M1,2026-05-11,Onion,1671,1327,1652,1502
M1,2026-05-13,Onion,2354,1235,1631,1439
M1,2026-05-14,Onion,1866,1457,1678,1559
M1,2026-05-15,Onion,2374,1295,1551,1410
M1,2026-05-16,Onion,2190,1349,1763,1535
M1,2026-05-17,Onion,2238,1332,1657,1546
M1,2026-05-18,Onion,2075,1222,1486,1360
M1,2026-05-19,Onion,1753,1293,1610,1478
M1,2026-05-20,Onion,2253,1431,1638,1560
M1,2026-05-21,Onion,1848,1321,1698,1508
M1,2026-05-22,Onion,1699,1285,1566,1452
M1,2026-05-23,Onion,1757,1276,1497,1370
M1,2026-05-25,Onion,2290,1391,1660,1570
M1,2026-05-25,Onion,2290,1391,1660,1570
M1,2026-05-26,Onion,1706,1339,1536,1414
M1,2026-05-27,Onion,1921,1221,1505,1351
M1,2026-05-28,Onion,2338,1431,1702,1556
M1,2026-05-29,Onion,1845,1281,1489,1394
M1,2026-05-30,Onion,2186,1373,1712,1570
M1,2026-05-31,Onion,1927,1241,1583,1387
M1,2026-06-01,Onion,1590,1648,2015,1830
M1,2026-06-02,Onion,1623,1579,1857,1667
M1,2026-06-03,Onion,2025,1561,1973,1776
M1,2026-06-05,Onion,1964,1457,1913,1683
M1,2026-06-06,Onion,1539,1584,1949,1700
M1,2026-06-06,Onion,1539,1584,1949,1700
M1,2026-06-07,Onion,1803,1552,1840,1651
M1,2026-06-08,Onion,1631,1542,1839,1640
M1,2026-06-10,Onion,1527,1359,1704,1591
M1,2026-06-11,Onion,1807,1527,1834,1643
M1,2026-06-14,Onion,1918,1441,1819,1665
M1,2026-06-15,Onion,1512,1650,2046,1828
M1,2026-06-16,Onion,1493,1454,1820,1689
M1,2026-06-17,Onion,1732,1498,1915,1743
M1,2026-06-19,Onion,1376,1607,1978,1810
M1,2026-06-20,Onion,1620,1415,1801,1653
M1,2026-06-21,Onion,1480,1609,2115,1861
M1,2026-06-22,Onion,1997,1537,1723,1625
M1,2026-06-23,Onion,2014,1454,1815,1629
M1,2026-06-24,Onion,2012,1451,1776,1682
M1,2026-06-26,Onion,1967,1639,2032,1822
M1,2026-06-27,Onion,1405,1661,2037,1833
M1,2026-06-28,Onion,1723,1653,2015,1853
M1,2026-06-29,Onion,1881,1578,1970,1742
M2,2024-01-02,Onion,2646,921,1170,1020
M2,2024-01-03,Onion,2432,889,1083,975
M2,2024-01-06,Onion,2882,947,1121,1064
M2,2024-01-06,Onion,2882,947,1121,1064
M2,2024-01-07,Onion,2753,922,1189,1050
M2,2024-01-08,Onion,3054,929,1098,1029
M2,2024-01-09,Onion,3483,972,1097,1030
M2,2024-01-10,Onion,2957,886,1106,965
M2,2024-01-12,Onion,3225,953,1206,1053
M2,2024-01-13,Onion,2762,995,1197,1088
M2,2024-01-14,Onion,2958,891,1144,1042
M2,2024-01-15,Onion,3594,899,1042,972
M2,2024-01-16,Onion,2986,911,1181,1029
M2,2024-01-17,Onion,3517,894,1092,989
M2,2024-01-19,Onion,3579,972,1125,1066
M2,2024-01-20,Onion,3170,829,1037,967
M2,2024-01-21,Onion,2751,894,1089,1026
M2,2024-01-22,Onion,2729,895,1100,1039
M2,2024-01-24,Onion,3521,850,1043,976
M2,2024-01-25,Onion,3386,982,1237,1106
M2,2024-01-26,Onion,2567,947,1209,1066
M2,2024-01-30,Onion,2537,831,1027,970
M2,2024-01-31,Onion,2792,980,1118,1040
M2,2024-02-02,Onion,2621,830,1103,968
M2,2024-02-03,Onion,3014,924,1126,997
M2,2024-02-04,Onion,3874,890,1091,1004
M2,2024-02-05,Onion,2925,818,1071,936
M2,2024-02-06,Onion,3265,947,1123,1023
M2,2024-02-07,Onion,3131,807,1032,931
M2,2024-02-08,Onion,3158,814,1025,949
M2,2024-02-09,Onion,2832,826,1052,957
M2,2024-02-10,Onion,3221,939,1139,1011
M2,2024-02-11,Onion,3185,874,1033,929
M2,2024-02-12,Onion,3507,865,1091,972
M2,2024-02-14,Onion,3821,799,1000,930
M2,2024-02-16,Onion,2987,891,1086,1005
M2,2024-02-17,Onion,3793,914,1167,1022
M2,2024-02-18,Onion,2704,931,1041,991
M2,2024-02-19,Onion,3804,850,1026,929
M2,2024-02-20,Onion,2594,785,1046,911
M2,2024-02-21,Onion,2700,867,1078,1017
M2,2024-02-25,Onion,2701,866,1020,916
M2,2024-02-26,Onion,2900,781,982,886
M2,2024-02-27,Onion,2624,836,1029,922
M2,2024-02-28,Onion,2960,882,1114,1022
M2,2024-02-29,Onion,3644,821,1024,949
M2,2024-03-01,Onion,3329,849,1122,979
M2,2024-03-02,Onion,2716,1029,1171,1083
M2,2024-03-03,Onion,2741,941,1083,1017
M2,2024-03-04,Onion,3488,987,1118,1052
M2,2024-03-06,Onion,2476,892,1132,989
M2,2024-03-07,Onion,2818,907,1131,1049
M2,2024-03-08,Onion,3429,873,1060,970
M2,2024-03-09,Onion,3551,910,1060,984
M2,2024-03-12,Onion,2535,994,1158,1081
M2,2024-03-13,Onion,2680,883,1073,963
M2,2024-03-14,Onion,3323,894,1155,1050
M2,2024-03-15,Onion,3056,954,1175,1051
M2,2024-03-16,Onion,3082,885,1024,955
M2,2024-03-18,Onion,3576,960,1155,1051
M2,2024-03-19,Onion,2679,940,1123,991
M2,2024-03-20,Onion,3137,869,1137,1018
M2,2024-03-21,Onion,2848,948,1210,1084
M2,2024-03-22,Onion,2469,1033,1230,1089
M2,2024-03-24,Onion,2805,860,1070,966
M2,2024-03-25,Onion,2842,968,1156,1068
M2,2024-03-26,Onion,2832,897,1014,952
M2,2024-03-27,Onion,2881,961,1163,1067
M2,2024-03-28,Onion,3485,920,1144,1047
M2,2024-03-30,Onion,3390,914,1132,991
M2,2024-03-31,Onion,3302,910,1151,1010
M2,2024-04-01,Onion,2785,1122,1334,1225
M2,2024-04-04,Onion,2505,1164,1423,1282
M2,2024-04-06,Onion,2282,989,1249,1153
M2,2024-04-09,Onion,2564,1136,1445,1284
M2,2024-04-10,Onion,2748,1188,1352,1256
M2,2024-04-11,Onion,2757,1059,1305,1219
M2,2024-04-12,Onion,2295,1146,1291,1218
M2,2024-04-13,Onion,2293,959,1247,1124
M2,2024-04-14,Onion,2553,1023,1338,1194
M2,2024-04-15,Onion,2710,1247,1396,1313
M2,2024-04-16,Onion,2922,1066,1330,1166
M2,2024-04-17,Onion,2900,1095,1310,1192
M2,2024-04-18,Onion,2438,1138,1326,1241
M2,2024-04-19,Onion,2262,1117,1284,1211
M2,2024-04-20,Onion,2629,975,1229,1136
M2,2024-04-21,Onion,2703,972,1197,1137
M2,2024-04-22,Onion,2081,1192,1387,1272
M2,2024-04-23,Onion,2863,1184,1462,1285
M2,2024-04-25,Onion,2908,1089,1280,1158
M2,2024-04-26,Onion,2753,1104,1252,1186
M2,2024-04-27,Onion,2247,1152,1310,1235
M2,2024-04-28,Onion,2608,1174,1447,1313
M2,2024-04-29,Onion,3041,1041,1336,1167
M2,2024-05-01,Onion,2198,1382,1589,1484
M2,2024-05-03,Onion,2387,1392,1773,1581
M2,2024-05-04,Onion,2133,1350,1729,1552
M2,2024-05-05,Onion,1874,1325,1648,1537
M2,2024-05-07,Onion,1822,1331,1541,1425
M2,2024-05-08,Onion,1692,1386,1686,1571
M2,2024-05-09,Onion,1789,1290,1595,1482
M2,2024-05-10,Onion,1703,1401,1652,1547
M2,2024-05-11,Onion,1728,1506,1793,1597
M2,2024-05-12,Onion,2144,1302,1628,1502
M2,2024-05-13,Onion,2513,1314,1589,1472
M2,2024-05-14,Onion,1861,1354,1789,1587
M2,2024-05-15,Onion,1731,1478,1763,1574
M2,2024-05-16,Onion,2161,1313,1553,1384
M2,2024-05-17,Onion,2175,1411,1712,1597
M2,2024-05-18,Onion,2386,1344,1621,1535
M2,2024-05-19,Onion,1687,1505,1750,1593
M2,2024-05-20,Onion,2361,1327,1662,1461
M2,2024-05-21,Onion,2114,1351,1683,1581
M2,2024-05-22,Onion,2497,1256,1541,1427
M2,2024-05-23,Onion,1982,1320,1538,1421
M2,2024-05-24,Onion,2163,1421,1691,1561
M2,2024-05-25,Onion,2050,1443,1679,1580
M2,2024-05-26,Onion,2308,1347,1711,1578
M2,2024-05-27,Onion,2391,1328,1729,1507
M2,2024-05-28,Onion,2157,1380,1683,1491
M2,2024-05-29,Onion,2464,1361,1681,1553
M2,2024-05-30,Onion,2305,1475,1805,1600
M2,2024-05-31,Onion,1835,1357,1542,1433
M2,2024-06-01,Onion,2125,1747,2118,1854
M2,2024-06-02,Onion,1630,1654,1948,1825
M2,2024-06-03,Onion,1655,1608,1946,1741
M2,2024-06-04,Onion,2061,1520,1717,1623
M2,2024-06-05,Onion,1467,1623,1870,1778
M2,2024-06-06,Onion,2111,1614,2008,1822
M2,2024-06-06,Onion,2111,1614,2008,1822
M2,2024-06-09,Onion,1939,1409,1747,1609
M2,2024-06-10,Onion,1641,1727,2063,1824
M2,2024-06-11,Onion,2140,1455,1786,1608
M2,2024-06-12,Onion,1746,1405,1882,1641
M2,2024-06-13,Onion,1957,1521,1949,1771
M2,2024-06-14,Onion,1704,1583,2035,1824
M2,2024-06-15,Onion,1665,1454,1832,1706
M2,2024-06-17,Onion,1480,1676,1969,1863
M2,2024-06-18,Onion,1775,1732,2097,1869
M2,2024-06-19,Onion,2012,1660,2036,1819
M2,2024-06-20,Onion,1606,1497,1797,1648
M2,2024-06-21,Onion,1501,1688,2139,1873
M2,2024-06-22,Onion,1973,1539,1869,1683
M2,2024-06-23,Onion,2102,1528,1806,1690
M2,2024-06-26,Onion,1747,1442,1913,1672
M2,2024-06-27,Onion,1939,1623,1856,1742
M2,2024-06-28,Onion,1840,1562,1825,1695
M2,2024-06-29,Onion,1841,1637,2117,1859
M2,2024-06-30,Onion,1973,1538,1937,1700
M2,2024-07-01,Onion,1704,1722,2202,1959
M2,2024-07-02,Onion,1906,1652,1961,1786
M2,2024-07-03,Onion,1806,1803,2115,1928
M2,2024-07-04,Onion,1465,1626,1995,1880
M2,2024-07-05,Onion,1370,1643,1990,1818
M2,2024-07-06,Onion,1736,1704,2021,1914
M2,2024-07-07,Onion,1865,1704,2230,1967
M2,2024-07-08,Onion,1424,1773,2251,1981
M2,2024-07-09,Onion,1800,1592,2027,1785
M2,2024-07-11,Onion,1570,1897,2308,2043
M2,2024-07-12,Onion,1557,1740,2199,2036
M2,2024-07-13,Onion,1880,1975,2241,2080
M2,2024-07-14,Onion,1898,1749,2344,2044
M2,2024-07-15,Onion,1521,1890,2148,1997
M2,2024-07-16,Onion,1735,1898,2190,2024
M2,2024-07-18,Onion,1605,1868,2129,1977
M2,2024-07-19,Onion,1506,1729,2070,1886
M2,2024-07-20,Onion,1424,1856,2227,1990
M2,2024-07-22,Onion,1933,1772,2159,1885
M2,2024-07-23,Onion,1887,1643,2020,1832
M2,2024-07-24,Onion,1657,1769,2195,1929
M2,2024-07-25,Onion,1928,1825,2220,1954
M2,2024-07-26,Onion,1549,1672,2187,1914
M2,2024-07-27,Onion,1410,1817,2266,2027
M2,2024-07-28,Onion,1785,1875,2239,1981
M2,2024-07-29,Onion,1908,1636,1958,1797
M2,2024-07-30,Onion,1850,1732,2129,1931
M2,2024-07-31,Onion,1474,1816,2121,1913
M2,2024-08-01,Onion,1452,1857,2221,1985
M2,2024-08-02,Onion,1266,1692,2013,1904
M2,2024-08-03,Onion,1633,1613,1970,1867
M2,2024-08-06,Onion,1436,1959,2231,2121
M2,2024-08-07,Onion,1355,1844,2153,1944
M2,2024-08-08,Onion,1419,1753,2051,1937
M2,2024-08-09,Onion,1624,1690,2186,1961
M2,2024-08-10,Onion,1407,1735,2279,1983
M2,2024-08-11,Onion,1807,1899,2474,2167
M2,2024-08-15,Onion,1594,1988,2427,2114
M2,2024-08-16,Onion,1513,1762,2185,1972
M2,2024-08-17,Onion,1759,1945,2299,2147
M2,2024-08-18,Onion,1795,1815,2202,2066
M2,2024-08-19,Onion,1542,1762,2211,2001
M2,2024-08-21,Onion,1699,1980,2318,2112
M2,2024-08-22,Onion,1602,2020,2364,2169
M2,2024-08-23,Onion,1367,1745,2173,1955
M2,2024-08-24,Onion,1434,1910,2268,2060
M2,2024-08-26,Onion,1718,1870,2369,2081
M2,2024-08-27,Onion,1762,1890,2136,2019
M2,2024-08-28,Onion,1347,1789,2141,1990
M2,2024-08-29,Onion,1276,1744,2228,2048
M2,2024-08-30,Onion,1783,1931,2222,2042
M2,2024-08-31,Onion,1441,1641,2101,1882
M2,2024-09-04,Onion,1355,1653,2140,1929
M2,2024-09-05,Onion,1583,1898,2136,2000
M2,2024-09-06,Onion,1689,1585,1973,1817
M2,2024-09-07,Onion,1871,1742,2002,1901
M2,2024-09-08,Onion,1544,1757,2153,1880
M2,2024-09-09,Onion,1319,1660,1907,1805
M2,2024-09-10,Onion,1348,1855,2132,1963
M2,2024-09-11,Onion,1293,1980,2350,2097
M2,2024-09-12,Onion,1426,1821,2369,2090
M2,2024-09-13,Onion,1831,1688,1909,1801
M2,2024-09-14,Onion,1390,1717,2113,1841
M2,2024-09-15,Onion,1901,1887,2212,2056
M2,2024-09-16,Onion,1534,1624,2073,1852
M2,2024-09-17,Onion,1708,1722,2113,1841
M2,2024-09-18,Onion,1827,1877,2129,2012
M2,2024-09-19,Onion,1796,1699,1948,1797
M2,2024-09-20,Onion,1334,1605,2132,1863
M2,2024-09-21,Onion,1813,1859,2365,2087
M2,2024-09-22,Onion,1804,1869,2188,2031
M2,2024-09-23,Onion,1680,1871,2381,2098
M2,2024-09-24,Onion,1531,1821,2241,2065
M2,2024-09-25,Onion,1846,1745,2052,1885
M2,2024-09-26,Onion,1556,1725,2250,2004
M2,2024-09-27,Onion,1765,1786,2325,2062
M2,2024-09-29,Onion,1351,1750,2346,2046
M2,2024-10-01,Onion,1665,2760,3092,2933
M2,2024-10-02,Onion,2037,2495,2982,2827
M2,2024-10-03,Onion,2077,2621,3176,2986
M2,2024-10-04,Onion,1718,2458,2783,2646
M2,2024-10-05,Onion,1476,2760,3177,2962
M2,2024-10-06,Onion,2060,2692,3248,3021
M2,2024-10-07,Onion,1532,2227,2920,2601
M2,2024-10-10,Onion,2127,2367,2734,2584
M2,2024-10-12,Onion,1587,2646,3277,2987
M2,2024-10-13,Onion,1992,2595,3279,2918
M2,2024-10-14,Onion,1757,2263,2779,2637
M2,2024-10-15,Onion,2024,2346,2948,2619
M2,2024-10-16,Onion,1433,2665,3268,2978
M2,2024-10-17,Onion,1689,2699,3331,3020
M2,2024-10-18,Onion,1739,2644,3292,2942
M2,2024-10-19,Onion,1825,2580,3276,2955
M2,2024-10-20,Onion,1852,2604,3270,3010
M2,2024-10-21,Onion,1776,1498,1875,1717
M2,2024-10-22,Onion,1921,1592,1894,1694
M2,2024-10-23,Onion,1853,1514,1840,1627
M2,2024-10-24,Onion,1852,1712,2105,1832
M2,2024-10-26,Onion,1969,1545,1755,1662
M2,2024-10-29,Onion,1685,1516,1714,1626
M2,2024-10-30,Onion,1942,1660,1959,1798
M2,2024-11-01,Onion,2200,1499,1776,1597
M2,2024-11-02,Onion,2312,1421,1735,1590
M2,2024-11-03,Onion,1971,1468,1791,1568
M2,2024-11-04,Onion,1791,1427,1850,1611
M2,2024-11-05,Onion,2359,1456,1705,1597
M2,2024-11-06,Onion,2515,1476,1707,1568
M2,2024-11-07,Onion,2462,1406,1709,1509
M2,2024-11-08,Onion,1761,1396,1707,1495
M2,2024-11-09,Onion,1726,1201,1475,1404
M2,2024-11-10,Onion,2513,1419,1610,1499
M2,2024-11-11,Onion,2481,1399,1628,1511
M2,2024-11-12,Onion,2226,1293,1626,1451
M2,2024-11-13,Onion,2425,1356,1689,1526
M2,2024-11-14,Onion,2349,1287,1607,1465
M2,2024-11-16,Onion,2145,1269,1562,1451
M2,2024-11-17,Onion,1699,1405,1642,1503
M2,2024-11-18,Onion,2473,1177,1573,1377
M2,2024-11-19,Onion,2203,1325,1521,1405
M2,2024-11-20,Onion,2135,1324,1576,1427
M2,2024-11-21,Onion,2108,1321,1656,1468
M2,2024-11-22,Onion,1691,1315,1639,1430
M2,2024-11-23,Onion,1727,1273,1561,1465
M2,2024-11-25,Onion,2244,1421,1626,1499
M2,2024-11-27,Onion,2260,1431,1699,1526
M2,2024-11-29,Onion,1765,1341,1765,1574
M2,2024-11-30,Onion,1715,1342,1755,1529
M2,2024-12-01,Onion,2889,1095,1416,1256
M2,2024-12-02,Onion,2824,1056,1327,1165
M2,2024-12-03,Onion,2888,1077,1369,1237
M2,2024-12-04,Onion,2650,1158,1377,1305
M2,2024-12-05,Onion,2118,1008,1295,1145
M2,2024-12-06,Onion,2338,1079,1401,1257
M2,2024-12-07,Onion,2946,1110,1347,1249
M2,2024-12-08,Onion,2392,1221,1406,1328
M2,2024-12-09,Onion,3023,1136,1293,1199
M2,2024-12-10,Onion,2068,1049,1255,1160
M2,2024-12-11,Onion,2840,1202,1352,1275
M2,2024-12-12,Onion,2454,1075,1414,1232
M2,2024-12-15,Onion,2281,1134,1432,1300
M2,2024-12-16,Onion,2429,1175,1373,1268
M2,2024-12-17,Onion,2052,993,1317,1168
M2,2024-12-18,Onion,2982,1178,1425,1319
M2,2024-12-19,Onion,2079,1012,1263,1168
M2,2024-12-20,Onion,2242,1194,1440,1326
M2,2024-12-21,Onion,2894,1152,1425,1242
M2,2024-12-22,Onion,2610,1115,1452,1307
M2,2024-12-23,Onion,2545,1092,1312,1196
M2,2024-12-24,Onion,2142,1102,1357,1216
M2,2024-12-25,Onion,2891,1172,1451,1316
M2,2024-12-26,Onion,2105,1130,1449,1266
M2,2024-12-28,Onion,2905,1185,1501,1316
M2,2024-12-29,Onion,2084,1139,1316,1234
M2,2024-12-30,Onion,2549,1034,1340,1213
M2,2024-12-31,Onion,2679,1002,1294,1165
M2,2025-01-01,Onion,2672,884,1093,1035
M2,2025-01-02,Onion,3068,899,1095,962
M2,2025-01-03,Onion,3074,962,1275,1126
M2,2025-01-04,Onion,2642,937,1187,1051
M2,2025-01-05,Onion,3298,896,1096,1038
M2,2025-01-07,Onion,2919,961,1209,1077
M2,2025-01-08,Onion,3476,960,1196,1069
M2,2025-01-10,Onion,3425,919,1163,1055
M2,2025-01-11,Onion,3522,890,1080,1018
M2,2025-01-12,Onion,3009,923,1197,1050
M2,2025-01-13,Onion,3556,897,1161,1043
M2,2025-01-14,Onion,2612,957,1145,1010
M2,2025-01-15,Onion,2989,897,1129,985
M2,2025-01-16,Onion,3587,849,1052,981
M2,2025-01-17,Onion,2986,989,1166,1107
M2,2025-01-19,Onion,3272,934,1196,1049
M2,2025-01-20,Onion,2900,922,1102,1038
M2,2025-01-21,Onion,3426,949,1140,1073
M2,2025-01-22,Onion,2727,918,1106,1013
M2,2025-01-23,Onion,2476,948,1125,1058
M2,2025-01-24,Onion,2933,859,1090,1008
M2,2025-01-26,Onion,3524,905,1130,1036
M2,2025-01-27,Onion,2573,872,1106,1002
M2,2025-01-28,Onion,2842,925,1077,986
M2,2025-01-29,Onion,3487,1002,1116,1057
M2,2025-01-30,Onion,3079,913,1090,1008
M2,2025-01-31,Onion,3414,982,1179,1081
M2,2025-02-01,Onion,3099,769,951,899
M2,2025-02-02,Onion,3089,880,1045,943
M2,2025-02-03,Onion,3316,955,1073,1021
M2,2025-02-04,Onion,3445,894,1031,954
M2,2025-02-05,Onion,2655,841,1032,937
M2,2025-02-06,Onion,3707,924,1137,1001
M2,2025-02-07,Onion,3762,905,1163,1027
M2,2025-02-08,Onion,3239,924,1101,984
M2,2025-02-10,Onion,2725,883,1011,930
M2,2025-02-11,Onion,2643,928,1154,1037
M2,2025-02-12,Onion,3701,970,1103,1041
M2,2025-02-13,Onion,3046,944,1090,999
M2,2025-02-14,Onion,3758,923,1139,1054
M2,2025-02-15,Onion,3021,946,1122,1004
M2,2025-02-17,Onion,3229,835,1054,929
M2,2025-02-18,Onion,3241,829,1025,901
M2,2025-02-19,Onion,3294,959,1128,1040
M2,2025-02-20,Onion,2993,921,1043,976
M2,2025-02-22,Onion,3828,899,1068,950
M2,2025-02-23,Onion,3625,804,1068,935
M2,2025-02-24,Onion,2902,986,1108,1042
M2,2025-02-25,Onion,3416,829,1012,943
M2,2025-02-27,Onion,3174,851,1088,953
M2,2025-02-28,Onion,3498,830,1072,944
M2,2025-03-01,Onion,3177,896,1086,1008
M2,2025-03-02,Onion,3301,1000,1239,1110
M2,2025-03-03,Onion,2953,908,1078,966
M2,2025-03-05,Onion,2762,918,1165,1058
M2,2025-03-06,Onion,2723,886,1131,1028
M2,2025-03-07,Onion,2977,1044,1291,1126
M2,2025-03-08,Onion,2496,929,1142,1051
M2,2025-03-09,Onion,3433,926,1104,1026
M2,2025-03-10,Onion,2832,961,1187,1115
M2,2025-03-11,Onion,2742,1031,1227,1119
M2,2025-03-12,Onion,3196,887,1163,1035
M2,2025-03-13,Onion,2799,908,1141,1014
M2,2025-03-14,Onion,2435,915,1173,1020
M2,2025-03-16,Onion,2532,838,1065,978
M2,2025-03-18,Onion,2719,907,1123,979
M2,2025-03-19,Onion,3581,892,1101,1043
M2,2025-03-20,Onion,3552,987,1192,1070
M2,2025-03-21,Onion,2945,870,1078,1002
M2,2025-03-22,Onion,2567,999,1205,1131
M2,2025-03-23,Onion,2718,948,1157,1054
M2,2025-03-24,Onion,2701,1009,1221,1108
M2,2025-03-25,Onion,3196,988,1204,1083
M2,2025-03-26,Onion,2541,957,1152,1061
M2,2025-03-27,Onion,3068,961,1212,1101
M2,2025-03-28,Onion,2595,966,1261,1115
M2,2025-03-30,Onion,2536,1020,1241,1120
M2,2025-03-31,Onion,3376,971,1197,1041
M2,2025-04-01,Onion,2264,1145,1279,1210
M2,2025-04-02,Onion,2108,1190,1446,1298
M2,2025-04-03,Onion,2101,1138,1372,1220
M2,2025-04-04,Onion,2181,1181,1434,1269
M2,2025-04-05,Onion,2349,1138,1382,1249
M2,2025-04-06,Onion,2805,1198,1348,1277
M2,2025-04-06,Onion,2805,1198,1348,1277
M2,2025-04-09,Onion,2700,1168,1406,1246
M2,2025-04-10,Onion,2953,1075,1298,1145
M2,2025-04-11,Onion,2602,1076,1344,1178
M2,2025-04-12,Onion,2543,1219,1500,1328
M2,2025-04-13,Onion,2724,1190,1418,1326
M2,2025-04-14,Onion,2301,1094,1299,1177
M2,2025-04-15,Onion,2490,1072,1307,1233
M2,2025-04-16,Onion,2308,1184,1353,1275
M2,2025-04-17,Onion,3023,1087,1374,1198
M2,2025-04-18,Onion,2717,1151,1335,1271
M2,2025-04-19,Onion,2817,1172,1463,1310
M2,2025-04-20,Onion,2714,1185,1439,1329
M2,2025-04-22,Onion,2195,1136,1509,1323
M2,2025-04-23,Onion,2577,1041,1337,1163
M2,2025-04-24,Onion,2880,1065,1312,1200
M2,2025-04-25,Onion,2777,1200,1475,1306
M2,2025-04-26,Onion,2311,1014,1214,1156
M2,2025-04-27,Onion,2415,1095,1369,1223
M2,2025-04-28,Onion,2820,1200,1383,1273
M2,2025-04-29,Onion,2690,1053,1267,1173
M2,2025-04-30,Onion,2366,1050,1386,1232
M2,2025-05-01,Onion,2338,1317,1532,1402
M2,2025-05-03,Onion,2405,1440,1748,1542
M2,2025-05-04,Onion,2433,1390,1807,1594
M2,2025-05-05,Onion,1928,1447,1680,1600
M2,2025-05-06,Onion,2378,1334,1650,1542
M2,2025-05-07,Onion,1975,1266,1571,1480
M2,2025-05-08,Onion,2187,1237,1609,1418
M2,2025-05-09,Onion,1779,1257,1591,1403
M2,2025-05-10,Onion,2041,1302,1660,1496
M2,2025-05-11,Onion,2461,1242,1474,1397
M2,2025-05-12,Onion,2404,1374,1806,1589
M2,2025-05-14,Onion,2114,1389,1652,1508
M2,2025-05-15,Onion,1895,1317,1639,1511
M2,2025-05-16,Onion,2256,1409,1625,1484
M2,2025-05-17,Onion,1876,1516,1851,1617
M2,2025-05-18,Onion,1896,1497,1782,1607
M2,2025-05-20,Onion,2353,1391,1748,1596
M2,2025-05-21,Onion,1955,1258,1579,1406
M2,2025-05-22,Onion,2441,1319,1640,1519
M2,2025-05-23,Onion,2377,1429,1739,1537
M2,2025-05-24,Onion,1953,1353,1667,1492
M2,2025-05-25,Onion,1768,1357,1574,1443
M2,2025-05-26,Onion,1867,1324,1599,1411
M2,2025-05-28,Onion,2000,1418,1644,1562
M2,2025-05-29,Onion,2043,1234,1556,1402
M2,2025-05-30,Onion,1734,1363,1785,1585
M2,2025-05-31,Onion,2154,1298,1716,1510
M2,2025-06-02,Onion,1994,1518,1773,1680
M2,2025-06-03,Onion,1914,1604,1988,1755
M2,2025-06-04,Onion,1650,1605,2132,1871
M2,2025-06-05,Onion,1770,1490,1770,1662
M2,2025-06-06,Onion,2065,1466,1808,1635
M2,2025-06-07,Onion,1676,1597,2123,1846
M2,2025-06-08,Onion,1938,1610,1984,1771
M2,2025-06-09,Onion,1453,1642,2031,1919
M2,2025-06-10,Onion,1495,1664,2080,1881
M2,2025-06-11,Onion,1866,1671,2007,1830
M2,2025-06-12,Onion,1851,1690,2056,1809
M2,2025-06-13,Onion,1858,1484,1827,1738
M2,2025-06-14,Onion,1617,1552,1809,1701
M2,2025-06-15,Onion,1972,1518,1921,1774
M2,2025-06-16,Onion,1552,1601,1974,1756
M2,2025-06-17,Onion,1612,1702,1941,1833
M2,2025-06-20,Onion,1719,1520,1836,1732
M2,2025-06-21,Onion,1874,1542,1809,1665
M2,2025-06-22,Onion,2098,1508,1767,1681
M2,2025-06-23,Onion,1760,1602,1929,1705
M2,2025-06-24,Onion,1629,1487,1809,1699
M2,2025-06-25,Onion,1774,1691,2037,1863
M2,2025-06-26,Onion,1570,1429,1723,1638
M2,2025-06-27,Onion,1981,1690,1933,1833
M2,2025-06-28,Onion,2067,1439,1914,1685
M2,2025-06-29,Onion,1954,1525,1901,1690
M2,2025-06-30,Onion,1446,1652,2082,1850
M2,2025-07-01,Onion,1587,1722,2078,1975
M2,2025-07-02,Onion,1725,1656,2090,1857
M2,2025-07-03,Onion,1929,1883,2232,2122
M2,2025-07-04,Onion,1895,1718,2135,1858
M2,2025-07-05,Onion,1872,1622,2112,1846
M2,2025-07-06,Onion,1739,1744,2164,1936
M2,2025-07-07,Onion,1572,1718,2086,1890
M2,2025-07-07,Onion,1572,1718,2086,1890
M2,2025-07-09,Onion,1503,1912,2344,2123
M2,2025-07-10,Onion,1402,1592,2076,1840
M2,2025-07-11,Onion,1805,1774,2248,2009
M2,2025-07-12,Onion,1799,1796,2284,2020
M2,2025-07-13,Onion,1536,1812,2045,1920
M2,2025-07-14,Onion,1470,1676,2023,1881
M2,2025-07-15,Onion,1732,1779,2144,2002
M2,2025-07-17,Onion,1317,1952,2341,2115
M2,2025-07-18,Onion,1508,1713,2183,2006
M2,2025-07-19,Onion,1686,1753,2177,2045
M2,2025-07-20,Onion,1486,1682,2131,1936
M2,2025-07-21,Onion,1326,1651,1979,1851
M2,2025-07-22,Onion,1903,1779,2194,1922
M2,2025-07-24,Onion,1336,1752,2145,2011
M2,2025-07-25,Onion,1819,1864,2324,2031
M2,2025-07-26,Onion,1536,1691,2095,1982
M2,2025-07-29,Onion,1907,1724,1971,1873
M2,2025-07-30,Onion,1708,1732,2039,1827
M2,2025-07-31,Onion,1806,1711,2148,1904
M2,2025-08-01,Onion,1688,1947,2381,2165
M2,2025-08-02,Onion,1383,2021,2400,2140
M2,2025-08-03,Onion,1433,1714,2054,1902
M2,2025-08-04,Onion,1599,1983,2528,2206
M2,2025-08-05,Onion,1317,1698,2218,1970
M2,2025-08-06,Onion,1538,1938,2399,2162
M2,2025-08-07,Onion,1321,1854,2127,1959
M2,2025-08-08,Onion,1280,1733,2002,1887
M2,2025-08-09,Onion,1711,1789,2275,2031
M2,2025-08-10,Onion,1583,2391,2944,2783
M2,2025-08-11,Onion,1380,2480,2813,2650
M2,2025-08-12,Onion,1490,2458,3005,2715
M2,2025-08-12,Onion,1490,2458,3005,2715
M2,2025-08-13,Onion,1270,2542,3039,2683
M2,2025-08-14,Onion,1445,2375,3094,2722
M2,2025-08-15,Onion,1291,2692,3365,2938
M2,2025-08-16,Onion,1592,2747,3331,2939
M2,2025-08-18,Onion,1627,2375,3100,2767
M2,2025-08-20,Onion,1549,2309,3041,2705
M2,2025-08-21,Onion,1587,2593,3292,2902
M2,2025-08-22,Onion,1386,2882,3309,3046
M2,2025-08-23,Onion,1326,2583,2872,2726
M2,2025-08-24,Onion,1318,2461,3202,2814
M2,2025-08-26,Onion,1373,1829,2103,1997
M2,2025-08-27,Onion,1825,2026,2458,2170
M2,2025-08-28,Onion,1302,1909,2214,2043
M2,2025-08-29,Onion,1391,1707,2256,1997
M2,2025-08-30,Onion,1469,1931,2359,2200
M2,2025-08-31,Onion,1681,1750,2268,2052
M2,2025-09-02,Onion,1348,1705,2132,1935
M2,2025-09-03,Onion,1911,1797,2076,1936
M2,2025-09-04,Onion,1848,1891,2394,2134
M2,2025-09-05,Onion,1768,1778,2054,1945
M2,2025-09-06,Onion,1302,1839,2217,2111
M2,2025-09-07,Onion,1642,1832,2194,2012
M2,2025-09-08,Onion,1782,1785,2399,2092
M2,2025-09-09,Onion,1393,1868,2198,2005
M2,2025-09-10,Onion,1349,1699,2037,1911
M2,2025-09-11,Onion,1898,1884,2230,1985
M2,2025-09-12,Onion,1768,1821,2258,1993
M2,2025-09-13,Onion,1380,1594,2127,1875
M2,2025-09-14,Onion,1308,1613,2085,1848
M2,2025-09-15,Onion,1479,1700,2192,1942
M2,2025-09-16,Onion,1363,1937,2355,2059
M2,2025-09-17,Onion,1480,1674,2001,1843
M2,2025-09-18,Onion,1694,1728,2111,1839
M2,2025-09-19,Onion,1917,1760,2252,1972
M2,2025-09-20,Onion,1453,1664,1978,1867
M2,2025-09-21,Onion,1895,1754,2113,2002
M2,2025-09-22,Onion,1480,1674,2222,1960
M2,2025-09-23,Onion,1327,1660,1983,1859
M2,2025-09-24,Onion,1419,1933,2256,2111
M2,2025-09-25,Onion,1409,1606,2086,1883
M2,2025-09-27,Onion,1351,1784,2340,2039
M2,2025-09-28,Onion,1646,1809,2187,1998
M2,2025-09-29,Onion,1768,1908,2387,2093
M2,2025-09-30,Onion,1902,1790,2290,2066
M2,2025-10-01,Onion,1507,1647,1996,1769
M2,2025-10-02,Onion,1722,1628,1893,1724
M2,2025-10-03,Onion,1551,1642,1931,1747
M2,2025-10-05,Onion,2143,1729,1968,1831
M2,2025-10-06,Onion,1540,1624,1904,1811
M2,2025-10-07,Onion,1515,1550,1944,1793
M2,2025-10-08,Onion,1807,1607,1858,1717
M2,2025-10-10,Onion,2051,1727,2084,1910
M2,2025-10-12,Onion,2029,1562,1854,1681
M2,2025-10-13,Onion,2008,1753,2152,1891
M2,2025-10-14,Onion,1739,1439,1735,1650
M2,2025-10-15,Onion,1831,1499,1747,1661
M2,2025-10-16,Onion,1717,1537,1990,1779
M2,2025-10-17,Onion,1442,1431,1847,1681
M2,2025-10-18,Onion,2129,1599,2076,1819
M2,2025-10-19,Onion,2037,1569,1983,1726
M2,2025-10-20,Onion,2000,1608,1981,1792
M2,2025-10-22,Onion,1962,1622,2010,1828
M2,2025-10-23,Onion,1546,1579,1999,1779
M2,2025-10-24,Onion,2118,1615,1878,1709
M2,2025-10-25,Onion,1486,1677,1928,1829
M2,2025-10-26,Onion,2127,1737,1984,1843
M2,2025-10-27,Onion,1750,1491,1877,1653
M2,2025-10-28,Onion,1704,1648,1897,1792
M2,2025-10-29,Onion,2009,1747,2121,1914
M2,2025-10-31,Onion,1599,1573,1861,1701
M2,2025-11-01,Onion,1718,1275,1547,1463
M2,2025-11-02,Onion,1969,1303,1593,1420
M2,2025-11-03,Onion,1784,1237,1652,1437
M2,2025-11-04,Onion,2053,1264,1594,1444
M2,2025-11-05,Onion,1942,1388,1812,1581
M2,2025-11-06,Onion,1936,1414,1728,1504
M2,2025-11-08,Onion,2177,1365,1645,1533
M2,2025-11-10,Onion,2425,1369,1725,1561
M2,2025-11-11,Onion,2078,1446,1784,1566
M2,2025-11-12,Onion,2124,1201,1570,1405
M2,2025-11-13,Onion,2201,1413,1706,1527
M2,2025-11-14,Onion,1835,1444,1707,1600
M2,2025-11-15,Onion,1708,1484,1736,1572
M2,2025-11-16,Onion,1745,1457,1798,1607
M2,2025-11-17,Onion,2321,1478,1740,1626
M2,2025-11-19,Onion,1682,1468,1722,1562
M2,2025-11-20,Onion,1747,1257,1562,1431
M2,2025-11-21,Onion,2259,1293,1642,1452
M2,2025-11-22,Onion,2225,1484,1686,1581
M2,2025-11-23,Onion,2148,1365,1755,1540
M2,2025-11-24,Onion,2129,1342,1678,1572
M2,2025-11-25,Onion,2227,1314,1625,1503
M2,2025-11-26,Onion,2019,1325,1683,1531
M2,2025-11-28,Onion,2255,1469,1720,1627
M2,2025-11-30,Onion,2131,1306,1658,1506
M2,2025-12-01,Onion,2696,1062,1339,1203
M2,2025-12-02,Onion,2602,1013,1341,1170
M2,2025-12-03,Onion,2134,1206,1466,1351
M2,2025-12-04,Onion,2637,1214,1413,1315
M2,2025-12-05,Onion,2680,1161,1361,1247
M2,2025-12-07,Onion,2882,1242,1426,1338
M2,2025-12-08,Onion,2598,1059,1370,1237
M2,2025-12-11,Onion,2189,1103,1234,1175
M2,2025-12-13,Onion,2074,1208,1501,1333
M2,2025-12-14,Onion,2372,1061,1382,1221
M2,2025-12-15,Onion,2107,1174,1407,1245
M2,2025-12-16,Onion,2062,1208,1525,1355
M2,2025-12-17,Onion,2103,1072,1356,1226
M2,2025-12-19,Onion,2112,1119,1387,1255
M2,2025-12-20,Onion,2984,1087,1336,1243
M2,2025-12-21,Onion,2123,1164,1340,1244
M2,2025-12-22,Onion,2541,1134,1391,1257
M2,2025-12-23,Onion,2274,1053,1409,1228
M2,2025-12-24,Onion,2484,1146,1480,1301
M2,2025-12-25,Onion,3043,1097,1366,1285
M2,2025-12-27,Onion,2541,1140,1414,1331
M2,2025-12-28,Onion,2840,1168,1419,1285
M2,2025-12-29,Onion,2039,1032,1326,1182
M2,2025-12-30,Onion,2263,1133,1401,1219
M2,2026-01-01,Onion,3164,915,1167,1024
M2,2026-01-03,Onion,3445,881,1130,1035
M2,2026-01-04,Onion,3517,920,1190,1082
M2,2026-01-05,Onion,2659,933,1155,1087
M2,2026-01-06,Onion,2853,933,1152,1061
M2,2026-01-07,Onion,2951,930,1151,1049
M2,2026-01-08,Onion,2496,856,1148,1006
M2,2026-01-09,Onion,2821,840,1117,981
M2,2026-01-10,Onion,3164,1012,1154,1070
M2,2026-01-11,Onion,3310,1050,1262,1114
M2,2026-01-12,Onion,2491,969,1259,1096
M2,2026-01-13,Onion,2609,983,1216,1118
M2,2026-01-14,Onion,2512,869,1123,997
M2,2026-01-15,Onion,3586,997,1223,1129
M2,2026-01-16,Onion,2874,969,1257,1115
M2,2026-01-18,Onion,3069,1052,1222,1130
M2,2026-01-19,Onion,2865,925,1212,1082
M2,2026-01-20,Onion,3030,1017,1210,1098
M2,2026-01-22,Onion,3593,957,1118,1014
M2,2026-01-24,Onion,3504,983,1191,1048
M2,2026-01-25,Onion,3305,918,1147,1008
M2,2026-01-26,Onion,3548,884,1100,1032
M2,2026-01-27,Onion,2800,1052,1252,1127
M2,2026-01-28,Onion,2823,945,1207,1063
M2,2026-01-29,Onion,2479,1044,1307,1142
M2,2026-01-30,Onion,2943,984,1284,1148
M2,2026-01-31,Onion,2695,926,1131,1030
M2,2026-02-01,Onion,3334,894,1041,973
M2,2026-02-02,Onion,3361,861,1052,959
M2,2026-02-03,Onion,3168,918,1095,968
M2,2026-02-04,Onion,3450,913,1070,969
M2,2026-02-05,Onion,2847,999,1169,1060
M2,2026-02-06,Onion,2944,845,1095,980
M2,2026-02-07,Onion,3135,903,1152,1003
M2,2026-02-08,Onion,3203,891,1105,999
M2,2026-02-09,Onion,3479,826,986,936
M2,2026-02-10,Onion,3472,941,1090,1013
M2,2026-02-11,Onion,3052,867,1109,988
M2,2026-02-12,Onion,3016,830,1032,926
M2,2026-02-13,Onion,2995,795,1028,925
M2,2026-02-14,Onion,2594,874,1042,977
M2,2026-02-15,Onion,3119,901,1059,953
M2,2026-02-16,Onion,3420,909,1105,1006
M2,2026-02-16,Onion,3420,909,1105,1006
M2,2026-02-17,Onion,2722,884,1088,974
M2,2026-02-18,Onion,3857,904,1164,1017
M2,2026-02-19,Onion,3202,998,1213,1076
M2,2026-02-20,Onion,3854,864,984,931
M2,2026-02-21,Onion,3534,966,1127,1033
M2,2026-02-22,Onion,3310,830,1052,953
M2,2026-02-23,Onion,3617,811,1051,940
M2,2026-02-24,Onion,2911,819,1042,921
M2,2026-02-25,Onion,2988,820,993,922
M2,2026-02-26,Onion,3312,847,1016,958
M2,2026-02-27,Onion,3754,864,1071,944
M2,2026-02-28,Onion,3743,956,1082,1015
M2,2026-02-28,Onion,3743,956,1082,1015
M2,2026-03-02,Onion,2433,884,1101,1011
M2,2026-03-03,Onion,2924,938,1109,1052
M2,2026-03-04,Onion,2637,1052,1225,1133
M2,2026-03-06,Onion,3529,1048,1242,1147
M2,2026-03-07,Onion,2920,899,1144,1008
M2,2026-03-08,Onion,3516,1002,1173,1060
M2,2026-03-09,Onion,3409,913,1159,1022
M2,2026-03-10,Onion,2733,930,1095,1000
M2,2026-03-12,Onion,3549,1039,1255,1107
M2,2026-03-13,Onion,2910,851,1064,993
M2,2026-03-15,Onion,2997,992,1211,1134
M2,2026-03-16,Onion,3175,911,1143,1020
M2,2026-03-17,Onion,2564,1018,1174,1112
M2,2026-03-18,Onion,2906,1018,1214,1110
M2,2026-03-20,Onion,3319,1045,1284,1146
M2,2026-03-21,Onion,3229,1061,1306,1137
M2,2026-03-22,Onion,2627,939,1180,1029
M2,2026-03-23,Onion,3451,1001,1199,1076
M2,2026-03-24,Onion,3325,927,1149,999
M2,2026-03-25,Onion,3431,980,1263,1121
M2,2026-03-26,Onion,2517,966,1115,1031
M2,2026-03-27,Onion,2577,995,1279,1136
M2,2026-03-28,Onion,3269,884,1089,1031
M2,2026-03-29,Onion,2541,999,1235,1095
M2,2026-03-30,Onion,2940,902,1154,1022
M2,2026-03-31,Onion,2783,977,1145,1032
M2,2026-04-01,Onion,2593,1213,1420,1320
M2,2026-04-02,Onion,2963,1110,1272,1199
M2,2026-04-03,Onion,2606,1189,1548,1360
M2,2026-04-04,Onion,2074,1085,1305,1172
M2,2026-04-05,Onion,2670,1129,1281,1204
M2,2026-04-06,Onion,2410,1169,1511,1322
M2,2026-04-07,Onion,2343,1211,1465,1346
M2,2026-04-08,Onion,2259,1211,1370,1277
M2,2026-04-09,Onion,2109,1112,1329,1225
M2,2026-04-10,Onion,2489,1107,1414,1238
M2,2026-04-11,Onion,2727,1215,1472,1340
M2,2026-04-12,Onion,2490,1058,1360,1216
M2,2026-04-13,Onion,2404,1147,1424,1254
M2,2026-04-14,Onion,2682,1219,1496,1320
M2,2026-04-15,Onion,2717,1149,1362,1252
M2,2026-04-16,Onion,2492,1276,1529,1352
M2,2026-04-17,Onion,2370,1170,1391,1259
M2,2026-04-19,Onion,2711,1162,1448,1347
M2,2026-04-20,Onion,2507,1034,1304,1177
M2,2026-04-21,Onion,2292,1286,1447,1354
M2,2026-04-23,Onion,2948,1069,1363,1219
M2,2026-04-25,Onion,2700,1250,1420,1352
M2,2026-04-27,Onion,2962,1137,1432,1248
M2,2026-04-28,Onion,2293,1148,1455,1331
M2,2026-04-29,Onion,2710,1094,1318,1247
M2,2026-04-30,Onion,2222,1072,1317,1212
M2,2026-05-01,Onion,1769,1423,1765,1549
M2,2026-05-04,Onion,2407,1251,1520,1435
M2,2026-05-05,Onion,2384,1283,1508,1427
M2,2026-05-06,Onion,1904,1503,1758,1591
M2,2026-05-07,Onion,2237,1335,1707,1553
M2,2026-05-08,Onion,2382,1304,1606,1490
M2,2026-05-09,Onion,1731,1443,1795,1611
M2,2026-05-10,Onion,2199,1326,1643,1547
M2,2026-05-12,Onion,2103,1371,1741,1566
M2,2026-05-13,Onion,1767,1227,1508,1428
M2,2026-05-14,Onion,2410,1367,1658,1531
M2,2026-05-15,Onion,2177,1414,1703,1506
M2,2026-05-16,Onion,1948,1482,1831,1631
M2,2026-05-17,Onion,1749,1482,1771,1565
M2,2026-05-18,Onion,2205,1443,1786,1561
M2,2026-05-19,Onion,1944,1418,1715,1627
M2,2026-05-19,Onion,1944,1418,1715,1627
M2,2026-05-20,Onion,1902,1281,1582,1470
M2,2026-05-21,Onion,2392,1370,1716,1611
M2,2026-05-22,Onion,2055,1305,1681,1500
M2,2026-05-23,Onion,1755,1439,1778,1612
M2,2026-05-25,Onion,2508,1264,1553,1452
M2,2026-05-26,Onion,2353,1248,1567,1439
M2,2026-05-27,Onion,2324,1219,1631,1425
M2,2026-05-28,Onion,2363,1572,1742,1657
M2,2026-05-29,Onion,2263,1311,1717,1523
M2,2026-05-30,Onion,1874,1416,1721,1591
M2,2026-05-31,Onion,1757,1327,1630,1537
M2,2026-06-02,Onion,2119,1802,2191,1927
M2,2026-06-03,Onion,2082,1681,2110,1948
M2,2026-06-04,Onion,1752,1634,2087,1906
M2,2026-06-04,Onion,1752,1634,2087,1906
M2,2026-06-05,Onion,1890,1566,2051,1785
M2,2026-06-07,Onion,2055,1620,1896,1735
M2,2026-06-08,Onion,2128,1593,1949,1802
M2,2026-06-09,Onion,1837,1688,2060,1836
M2,2026-06-10,Onion,1697,1695,2174,1907
M2,2026-06-11,Onion,1895,1785,2191,1949
M2,2026-06-12,Onion,2060,1662,2092,1877
M2,2026-06-13,Onion,1484,1695,2089,1854
M2,2026-06-14,Onion,1881,1638,2014,1878
M2,2026-06-15,Onion,1670,1645,1914,1810
M2,2026-06-16,Onion,2127,1639,2073,1853
M2,2026-06-17,Onion,1982,1626,2011,1893
M2,2026-06-18,Onion,2124,1725,1930,1835
M2,2026-06-19,Onion,1659,1669,1980,1815
M2,2026-06-20,Onion,1448,1821,2131,1931
M2,2026-06-22,Onion,1572,1625,1867,1744
M2,2026-06-23,Onion,2141,1521,1845,1686
M2,2026-06-24,Onion,1633,1673,2206,1935
M2,2026-06-25,Onion,1532,1677,1982,1803
M2,2026-06-27,Onion,1523,1657,1929,1813
M2,2026-06-28,Onion,1447,1678,2027,1820
M2,2026-06-29,Onion,1550,1649,1887,1790
M2,2026-06-30,Onion,1699,1696,2165,1898
M3,2024-01-01,Onion,2662,736,961,853
M3,2024-01-02,Onion,2537,773,949,882
M3,2024-01-03,Onion,2378,895,1042,950
M3,2024-01-04,Onion,2432,875,1020,936
M3,2024-01-05,Onion,2738,721,915,842
M3,2024-01-06,Onion,2263,837,1002,925
M3,2024-01-08,Onion,2772,773,994,873
M3,2024-01-09,Onion,2158,804,975,902
M3,2024-01-10,Onion,2816,740,941,859
M3,2024-01-11,Onion,2482,756,918,860
M3,2024-01-12,Onion,2494,843,1098,959
M3,2024-01-13,Onion,2128,766,958,882
M3,2024-01-15,Onion,2441,814,1018,946
M3,2024-01-16,Onion,2146,792,1029,921
M3,2024-01-17,Onion,2830,788,981,919
M3,2024-01-18,Onion,2962,776,927,860
M3,2024-01-19,Onion,2254,829,983,924
M3,2024-01-20,Onion,2451,770,968,842
M3,2024-01-21,Onion,2736,759,892,827
M3,2024-01-22,Onion,3075,734,923,863
M3,2024-01-23,Onion,2740,811,1036,936
M3,2024-01-24,Onion,2751,876,1024,946
M3,2024-01-26,Onion,2556,760,976,862
M3,2024-01-27,Onion,2666,911,1037,966
M3,2024-01-28,Onion,2549,809,943,853
M3,2024-01-29,Onion,2239,833,1020,923
M3,2024-01-30,Onion,2463,719,913,827
M3,2024-01-31,Onion,2618,782,1014,903
M3,2024-02-01,Onion,3395,760,944,893
M3,2024-02-02,Onion,2744,824,1020,892
M3,2024-02-03,Onion,3334,742,885,834
M3,2024-02-04,Onion,2341,820,999,903
M3,2024-02-05,Onion,2408,797,960,863
M3,2024-02-06,Onion,3225,804,951,852
M3,2024-02-07,Onion,2533,795,980,875
M3,2024-02-08,Onion,2985,791,975,875
M3,2024-02-09,Onion,2324,738,963,854
M3,2024-02-10,Onion,2858,726,931,821
M3,2024-02-11,Onion,2717,699,883,802
M3,2024-02-12,Onion,2943,693,897,783
M3,2024-02-13,Onion,2985,704,820,775
M3,2024-02-14,Onion,3375,819,993,874
M3,2024-02-15,Onion,2905,758,885,830
M3,2024-02-16,Onion,2839,805,981,877
M3,2024-02-17,Onion,2356,768,1026,896
M3,2024-02-18,Onion,2581,737,858,794
M3,2024-02-19,Onion,3217,732,861,807
M3,2024-02-20,Onion,2715,778,955,842
M3,2024-02-21,Onion,2288,682,888,797
M3,2024-02-22,Onion,2909,697,881,775
M3,2024-02-23,Onion,2770,832,1011,906
M3,2024-02-24,Onion,3288,839,1030,906
M3,2024-02-26,Onion,3190,747,850,809
M3,2024-02-27,Onion,3148,700,839,788
M3,2024-02-28,Onion,3038,798,960,859
M3,2024-02-28,Onion,3038,798,960,859
M3,2024-02-29,Onion,2912,699,933,819
M3,2024-03-02,Onion,2165,888,1064,941
M3,2024-03-03,Onion,2415,765,919,852
M3,2024-03-04,Onion,3109,873,1048,967
M3,2024-03-05,Onion,2764,780,931,833
M3,2024-03-06,Onion,2394,797,989,889
M3,2024-03-07,Onion,3051,818,1059,947
M3,2024-03-09,Onion,3037,815,975,910
M3,2024-03-10,Onion,2801,790,1000,909
M3,2024-03-11,Onion,2880,791,968,894
M3,2024-03-12,Onion,2683,754,1013,884
M3,2024-03-13,Onion,2615,840,1056,969
M3,2024-03-14,Onion,2159,723,916,845
M3,2024-03-15,Onion,2375,771,976,878
M3,2024-03-16,Onion,3142,809,1009,921
M3,2024-03-18,Onion,2459,816,946,883
M3,2024-03-20,Onion,2224,752,931,878
M3,2024-03-22,Onion,3036,818,969,893
M3,2024-03-23,Onion,3104,836,980,912
M3,2024-03-24,Onion,2817,754,964,841
M3,2024-03-26,Onion,2866,847,1068,954
M3,2024-03-27,Onion,2166,752,954,858
M3,2024-03-27,Onion,2166,752,954,858
M3,2024-03-28,Onion,2276,755,945,878
M3,2024-03-29,Onion,2379,791,997,869
M3,2024-03-30,Onion,2658,845,1043,930
M3,2024-03-31,Onion,2852,845,1028,936
M3,2024-04-01,Onion,2251,947,1195,1107
M3,2024-04-02,Onion,1929,935,1221,1091
M3,2024-04-03,Onion,1808,963,1219,1092
M3,2024-04-04,Onion,2405,940,1105,1046
M3,2024-04-05,Onion,2613,1012,1194,1074
M3,2024-04-06,Onion,2295,939,1203,1058
M3,2024-04-07,Onion,1986,963,1150,1071
M3,2024-04-09,Onion,2095,1037,1168,1101
M3,2024-04-10,Onion,2076,1062,1233,1152
M3,2024-04-11,Onion,2452,873,1074,993
M3,2024-04-12,Onion,2670,1037,1222,1114
M3,2024-04-13,Onion,2036,982,1290,1139
M3,2024-04-14,Onion,1967,890,1106,993
M3,2024-04-16,Onion,2123,920,1125,991
M3,2024-04-17,Onion,1969,946,1082,1030
M3,2024-04-18,Onion,2650,967,1247,1111
M3,2024-04-20,Onion,2502,929,1115,1014
M3,2024-04-21,Onion,2427,938,1077,1000
M3,2024-04-22,Onion,2546,985,1218,1146
M3,2024-04-23,Onion,1823,988,1208,1070
M3,2024-04-24,Onion,2349,971,1189,1050
M3,2024-04-25,Onion,1921,950,1155,1096
M3,2024-04-26,Onion,2509,913,1177,1045
M3,2024-04-27,Onion,2330,981,1254,1154
M3,2024-04-28,Onion,2538,923,1147,1065
M3,2024-04-30,Onion,2589,1025,1158,1080
M3,2024-05-01,Onion,1846,1160,1348,1276
M3,2024-05-02,Onion,1922,1277,1486,1376
M3,2024-05-03,Onion,2115,1108,1321,1202
M3,2024-05-04,Onion,2139,1162,1521,1367
M3,2024-05-06,Onion,1967,1015,1283,1193
M3,2024-05-07,Onion,2066,1034,1325,1214
M3,2024-05-08,Onion,1910,1148,1445,1260
M3,2024-05-09,Onion,1764,1185,1482,1304
M3,2024-05-10,Onion,1596,1065,1319,1227
M3,2024-05-11,Onion,1894,1252,1514,1337
M3,2024-05-12,Onion,2015,1197,1541,1369
M3,2024-05-14,Onion,2094,1290,1448,1360
M3,2024-05-15,Onion,1552,1218,1401,1307
M3,2024-05-16,Onion,2031,1214,1552,1384
M3,2024-05-17,Onion,1572,1106,1400,1262
M3,2024-05-18,Onion,1980,1136,1293,1225
M3,2024-05-19,Onion,2162,1116,1436,1287
M3,2024-05-20,Onion,1943,1179,1398,1263
M3,2024-05-21,Onion,1591,1096,1351,1242
M3,2024-05-22,Onion,1905,1202,1433,1280
M3,2024-05-23,Onion,1682,1278,1501,1360
M3,2024-05-24,Onion,1809,1297,1473,1375
M3,2024-05-25,Onion,1472,1174,1453,1309
M3,2024-05-26,Onion,1512,1118,1330,1244
M3,2024-05-27,Onion,2089,1111,1355,1282
M3,2024-05-28,Onion,1609,1069,1338,1236
M3,2024-05-29,Onion,1803,1157,1427,1292
M3,2024-05-30,Onion,1841,1058,1350,1235
M3,2024-05-31,Onion,2168,1311,1499,1401
M3,2024-06-02,Onion,1363,1413,1768,1631
M3,2024-06-03,Onion,1269,1383,1707,1523
M3,2024-06-04,Onion,1703,1216,1525,1415
M3,2024-06-05,Onion,1368,1546,1753,1630
M3,2024-06-06,Onion,1669,1290,1513,1411
M3,2024-06-07,Onion,1471,1383,1797,1575
M3,2024-06-08,Onion,1655,1300,1540,1451
M3,2024-06-09,Onion,1761,1445,1750,1540
M3,2024-06-10,Onion,1843,1355,1701,1529
M3,2024-06-11,Onion,1465,1439,1722,1554
M3,2024-06-12,Onion,1610,1304,1706,1523
M3,2024-06-13,Onion,1393,1406,1701,1521
M3,2024-06-14,Onion,1800,1321,1686,1542
M3,2024-06-15,Onion,1679,1298,1658,1478
M3,2024-06-16,Onion,1421,1362,1692,1557
M3,2024-06-17,Onion,1652,1257,1505,1415
M3,2024-06-18,Onion,1838,1390,1745,1635
M3,2024-06-19,Onion,1754,1371,1609,1495
M3,2024-06-20,Onion,1291,1469,1726,1588
M3,2024-06-21,Onion,1297,1321,1614,1480
M3,2024-06-22,Onion,1658,1281,1520,1412
M3,2024-06-23,Onion,1555,1316,1643,1504
M3,2024-06-24,Onion,1456,1402,1808,1612
M3,2024-06-25,Onion,1711,1395,1761,1614
M3,2024-06-26,Onion,1289,1356,1685,1479
M3,2024-06-27,Onion,1469,1430,1707,1523
M3,2024-06-29,Onion,1781,1326,1599,1488
M3,2024-06-30,Onion,1481,1499,1860,1625
M3,2024-07-01,Onion,1221,1711,1993,1828
M3,2024-07-02,Onion,1164,1528,1901,1709
M3,2024-07-03,Onion,1483,1590,1788,1697
M3,2024-07-04,Onion,1174,1439,1781,1685
M3,2024-07-06,Onion,1425,1551,1986,1823
M3,2024-07-07,Onion,1546,1426,1781,1588
M3,2024-07-09,Onion,1160,1495,1772,1579
M3,2024-07-10,Onion,1543,1626,1995,1747
M3,2024-07-12,Onion,1532,1441,1707,1617
M3,2024-07-16,Onion,1246,1490,1895,1747
M3,2024-07-17,Onion,1424,1487,1796,1660
M3,2024-07-19,Onion,1331,1572,1936,1824
M3,2024-07-20,Onion,1357,1433,1679,1581
M3,2024-07-21,Onion,1516,1447,1906,1690
M3,2024-07-23,Onion,1174,1469,1703,1595
M3,2024-07-24,Onion,1554,1487,1755,1631
M3,2024-07-26,Onion,1135,1596,2041,1823
M3,2024-07-27,Onion,1198,1523,1821,1656
M3,2024-07-30,Onion,1147,1508,1782,1649
M3,2024-07-31,Onion,1140,1482,1844,1644
M3,2024-08-01,Onion,1160,1675,1940,1808
M3,2024-08-03,Onion,1407,1719,2080,1878
M3,2024-08-04,Onion,1144,1655,2024,1785
M3,2024-08-06,Onion,1152,1691,2058,1811
M3,2024-08-07,Onion,1410,1740,2154,1899
M3,2024-08-08,Onion,1580,1611,1891,1745
M3,2024-08-09,Onion,1526,1572,1918,1794
M3,2024-08-10,Onion,1322,1519,1824,1661
M3,2024-08-11,Onion,1556,1677,2045,1795
M3,2024-08-12,Onion,1128,1510,1804,1630
M3,2024-08-13,Onion,1536,1521,1967,1751
M3,2024-08-14,Onion,1451,1581,1943,1765
M3,2024-08-16,Onion,1614,1493,1872,1658
M3,2024-08-18,Onion,1194,1732,2149,1870
M3,2024-08-19,Onion,1456,1652,1935,1778
M3,2024-08-20,Onion,1135,1554,1902,1666
M3,2024-08-21,Onion,1460,1623,2072,1827
M3,2024-08-22,Onion,1561,1681,1943,1779
M3,2024-08-24,Onion,1091,1553,1871,1777
M3,2024-08-25,Onion,1635,1609,1988,1810
M3,2024-08-27,Onion,1528,1469,1868,1685
M3,2024-08-28,Onion,1473,1583,1903,1731
M3,2024-08-28,Onion,1473,1583,1903,1731
M3,2024-08-29,Onion,1377,1467,1813,1721
M3,2024-08-31,Onion,1113,1621,1898,1776
M3,2024-09-01,Onion,1598,1568,2034,1772
M3,2024-09-02,Onion,1581,1494,1850,1645
M3,2024-09-03,Onion,1365,1455,1779,1636
M3,2024-09-04,Onion,1459,1676,1936,1770
M3,2024-09-06,Onion,1636,1405,1815,1595
M3,2024-09-07,Onion,1137,1413,1874,1637
M3,2024-09-08,Onion,1522,1698,2019,1792
M3,2024-09-09,Onion,1521,1441,1657,1572
M3,2024-09-10,Onion,1242,1631,1885,1740
M3,2024-09-11,Onion,1204,1516,1891,1747
M3,2024-09-12,Onion,1149,1494,1904,1718
M3,2024-09-13,Onion,1379,1521,1871,1717
M3,2024-09-14,Onion,1313,1523,1921,1776
M3,2024-09-15,Onion,1290,1668,1950,1833
M3,2024-09-15,Onion,1290,1668,1950,1833
M3,2024-09-18,Onion,1533,1545,1958,1774
M3,2024-09-20,Onion,1618,1445,1821,1605
M3,2024-09-22,Onion,1516,1338,1720,1569
M3,2024-09-23,Onion,1329,1676,1946,1786
M3,2024-09-24,Onion,1306,1574,1767,1675
M3,2024-09-25,Onion,1528,1661,1986,1770
M3,2024-09-26,Onion,1225,1435,1816,1601
M3,2024-09-27,Onion,1281,1438,1785,1572
M3,2024-09-28,Onion,1609,1418,1698,1572
M3,2024-09-29,Onion,1209,1424,1828,1657
M3,2024-09-30,Onion,1639,1676,1989,1788
M3,2024-10-01,Onion,1534,2215,2698,2524
M3,2024-10-04,Onion,1528,2040,2648,2377
M3,2024-10-05,Onion,1393,2333,2782,2543
M3,2024-10-06,Onion,1641,2351,2771,2516
M3,2024-10-07,Onion,1630,2282,2872,2552
M3,2024-10-08,Onion,1365,2285,2648,2519
M3,2024-10-09,Onion,1589,2338,2680,2515
M3,2024-10-10,Onion,1301,2259,3025,2636
M3,2024-10-12,Onion,1713,2289,2808,2456
M3,2024-10-14,Onion,1800,2354,2907,2614
M3,2024-10-15,Onion,1713,2229,2590,2385
M3,2024-10-16,Onion,1459,2284,2834,2482
M3,2024-10-17,Onion,1463,2186,2708,2379
M3,2024-10-18,Onion,1377,2286,2997,2611
M3,2024-10-19,Onion,1327,1990,2524,2272
M3,2024-10-21,Onion,1459,1321,1694,1514
M3,2024-10-22,Onion,1667,1248,1574,1434
M3,2024-10-23,Onion,1639,1542,1859,1659
M3,2024-10-24,Onion,1300,1410,1846,1647
M3,2024-10-25,Onion,1835,1450,1787,1652
M3,2024-10-26,Onion,1657,1369,1685,1564
M3,2024-10-27,Onion,1603,1383,1792,1607
M3,2024-10-28,Onion,1472,1300,1656,1451
M3,2024-10-29,Onion,1378,1264,1594,1427
M3,2024-10-30,Onion,1520,1364,1652,1525
M3,2024-10-30,Onion,1520,1364,1652,1525
M3,2024-10-31,Onion,1722,1313,1668,1462
M3,2024-11-01,Onion,1515,1121,1460,1285
M3,2024-11-02,Onion,1605,1067,1314,1219
M3,2024-11-03,Onion,1791,1068,1361,1224
M3,2024-11-04,Onion,1846,1241,1512,1339
M3,2024-11-05,Onion,1778,1214,1419,1342
M3,2024-11-06,Onion,2020,1210,1424,1348
M3,2024-11-07,Onion,1493,1255,1501,1396
M3,2024-11-08,Onion,2006,1037,1360,1211
M3,2024-11-09,Onion,1620,1227,1421,1312
M3,2024-11-10,Onion,1800,1207,1559,1379
M3,2024-11-11,Onion,1663,1110,1389,1286
M3,2024-11-12,Onion,1556,1100,1363,1265
M3,2024-11-13,Onion,2047,1175,1430,1317
M3,2024-11-14,Onion,1605,1228,1572,1408
M3,2024-11-15,Onion,2032,1150,1473,1301
M3,2024-11-16,Onion,2184,1229,1523,1328
M3,2024-11-17,Onion,1714,1189,1443,1336
M3,2024-11-18,Onion,1897,1087,1317,1216
M3,2024-11-19,Onion,1843,1187,1379,1289
M3,2024-11-20,Onion,1480,1308,1555,1385
M3,2024-11-21,Onion,1592,1243,1496,1389
M3,2024-11-22,Onion,1580,1308,1529,1396
M3,2024-11-23,Onion,1643,1236,1506,1351
M3,2024-11-25,Onion,1959,1256,1435,1336
M3,2024-11-26,Onion,2063,1185,1538,1384
M3,2024-11-27,Onion,2034,1226,1522,1393
M3,2024-11-28,Onion,1928,1317,1551,1393
M3,2024-11-29,Onion,2125,1206,1477,1291
M3,2024-11-30,Onion,1814,1119,1422,1299
M3,2024-12-01,Onion,1860,1088,1231,1159
M3,2024-12-02,Onion,1973,1060,1275,1124
M3,2024-12-03,Onion,1840,921,1204,1081
M3,2024-12-05,Onion,2163,952,1140,1016
M3,2024-12-06,Onion,2138,1027,1227,1113
M3,2024-12-07,Onion,2607,936,1212,1079
M3,2024-12-08,Onion,2652,982,1143,1076
M3,2024-12-09,Onion,2276,1028,1321,1150
M3,2024-12-10,Onion,2353,968,1188,1073
M3,2024-12-12,Onion,1938,1002,1219,1060
M3,2024-12-14,Onion,1952,1048,1214,1132
M3,2024-12-15,Onion,2672,936,1186,1043
M3,2024-12-16,Onion,2064,1002,1199,1056
M3,2024-12-17,Onion,2081,1020,1286,1140
M3,2024-12-18,Onion,2191,916,1149,1001
M3,2024-12-19,Onion,1870,951,1160,1017
M3,2024-12-20,Onion,2141,907,1119,1031
M3,2024-12-21,Onion,2002,1069,1307,1163
M3,2024-12-22,Onion,1813,973,1287,1124
M3,2024-12-23,Onion,2315,994,1253,1130
M3,2024-12-24,Onion,2459,1013,1212,1129
M3,2024-12-25,Onion,2259,977,1151,1059
M3,2024-12-27,Onion,1977,1000,1237,1136
M3,2024-12-28,Onion,2204,960,1192,1066
M3,2024-12-29,Onion,1994,990,1228,1084
M3,2024-12-30,Onion,2301,985,1107,1051
M3,2024-12-31,Onion,2483,1055,1269,1127
M3,2025-01-01,Onion,2861,765,956,898
M3,2025-01-02,Onion,3024,864,988,933
M3,2025-01-03,Onion,2336,816,981,881
M3,2025-01-04,Onion,3062,782,1012,913
M3,2025-01-05,Onion,2211,916,1040,971
M3,2025-01-06,Onion,2732,855,1017,917
M3,2025-01-08,Onion,2816,782,967,843
M3,2025-01-09,Onion,2561,818,1051,915
M3,2025-01-10,Onion,2148,786,973,900
M3,2025-01-12,Onion,3150,781,973,891
M3,2025-01-13,Onion,2237,896,1030,956
M3,2025-01-14,Onion,2633,850,1036,977
M3,2025-01-16,Onion,2463,805,984,882
M3,2025-01-17,Onion,2612,881,1012,954
M3,2025-01-18,Onion,2956,832,1106,973
M3,2025-01-19,Onion,2551,865,1013,915
M3,2025-01-20,Onion,2718,811,960,897
M3,2025-01-21,Onion,3052,937,1079,988
M3,2025-01-24,Onion,2341,891,1014,964
M3,2025-01-25,Onion,2779,841,989,887
M3,2025-01-26,Onion,2115,783,908,862
M3,2025-01-27,Onion,2778,827,919,873
M3,2025-01-28,Onion,2568,775,966,894
M3,2025-01-29,Onion,2705,902,1079,953
M3,2025-01-30,Onion,2741,759,969,888
M3,2025-01-31,Onion,3148,766,972,891
M3,2025-02-01,Onion,3219,776,920,826
M3,2025-02-02,Onion,2592,788,1023,918
M3,2025-02-03,Onion,2266,722,903,801
M3,2025-02-04,Onion,2828,820,992,892
M3,2025-02-05,Onion,2839,744,891,797
M3,2025-02-06,Onion,2313,834,970,907
M3,2025-02-07,Onion,3162,727,874,792
M3,2025-02-08,Onion,2875,833,1002,912
M3,2025-02-09,Onion,2880,781,946,899
M3,2025-02-10,Onion,2323,756,902,799
M3,2025-02-11,Onion,2666,762,908,829
M3,2025-02-12,Onion,2478,756,896,798
M3,2025-02-13,Onion,2280,782,966,914
M3,2025-02-14,Onion,2349,830,929,885
M3,2025-02-15,Onion,3089,721,950,837
M3,2025-02-17,Onion,3312,699,923,822
M3,2025-02-18,Onion,3265,764,905,831
M3,2025-02-19,Onion,2569,753,891,798
M3,2025-02-20,Onion,2903,794,938,888
M3,2025-02-21,Onion,2401,759,944,878
M3,2025-02-22,Onion,3266,707,921,803
M3,2025-02-23,Onion,2724,701,893,793
M3,2025-02-24,Onion,2404,744,871,798
M3,2025-02-25,Onion,3060,731,840,800
M3,2025-02-26,Onion,3052,705,896,818
M3,2025-02-27,Onion,3382,768,957,839
M3,2025-02-28,Onion,3379,762,965,877
M3,2025-03-01,Onion,3053,769,975,886
M3,2025-03-02,Onion,2171,886,1029,934
M3,2025-03-03,Onion,2126,886,1043,960
M3,2025-03-04,Onion,2397,859,1006,952
M3,2025-03-05,Onion,2582,776,941,894
M3,2025-03-06,Onion,3088,839,1005,887
M3,2025-03-08,Onion,2598,840,988,897
M3,2025-03-09,Onion,2467,815,998,900
M3,2025-03-10,Onion,2560,761,941,870
M3,2025-03-11,Onion,2434,757,953,864
M3,2025-03-12,Onion,2175,805,1058,929
M3,2025-03-13,Onion,2294,805,968,913
M3,2025-03-14,Onion,2442,766,953,867
M3,2025-03-15,Onion,2419,834,1002,882
M3,2025-03-16,Onion,2176,739,970,855
M3,2025-03-20,Onion,2307,850,1061,968
M3,2025-03-21,Onion,3130,839,1056,946
M3,2025-03-22,Onion,3132,833,1090,977
M3,2025-03-23,Onion,2534,877,1019,929
M3,2025-03-24,Onion,2847,871,1099,984
M3,2025-03-25,Onion,2335,731,939,858
M3,2025-03-26,Onion,2589,863,1051,938
M3,2025-03-27,Onion,3110,824,1051,921
M3,2025-03-28,Onion,2807,828,993,892
M3,2025-03-31,Onion,2972,918,1088,969
M3,2025-04-01,Onion,2292,930,1188,1066
M3,2025-04-02,Onion,2505,959,1165,1098
M3,2025-04-03,Onion,2146,1008,1226,1077
M3,2025-04-04,Onion,2152,1043,1276,1161
M3,2025-04-05,Onion,2301,1074,1291,1143
M3,2025-04-06,Onion,1898,1054,1324,1160
M3,2025-04-07,Onion,2607,950,1140,1067
M3,2025-04-08,Onion,2430,1016,1304,1154
M3,2025-04-09,Onion,2445,1053,1233,1126
M3,2025-04-10,Onion,2093,937,1228,1099
M3,2025-04-11,Onion,1844,1054,1262,1112
M3,2025-04-12,Onion,1838,970,1190,1051
M3,2025-04-13,Onion,2057,901,1146,1032
M3,2025-04-14,Onion,2039,1058,1275,1170
M3,2025-04-15,Onion,2251,912,1129,1024
M3,2025-04-16,Onion,2048,997,1203,1115
M3,2025-04-17,Onion,2118,976,1290,1132
M3,2025-04-18,Onion,1875,1004,1259,1114
M3,2025-04-19,Onion,2546,939,1167,1089
M3,2025-04-20,Onion,2098,1059,1283,1156
M3,2025-04-22,Onion,1838,1071,1270,1140
M3,2025-04-23,Onion,2648,911,1124,1068
M3,2025-04-25,Onion,2204,967,1133,1022
M3,2025-04-26,Onion,2103,996,1183,1113
M3,2025-04-27,Onion,2600,988,1295,1141
M3,2025-04-28,Onion,2101,983,1273,1114
M3,2025-04-29,Onion,2452,990,1228,1136
M3,2025-05-01,Onion,1509,1077,1371,1256
M3,2025-05-02,Onion,1748,1137,1387,1313
M3,2025-05-03,Onion,1849,1222,1524,1370
M3,2025-05-04,Onion,1496,1137,1440,1253
M3,2025-05-05,Onion,2002,1223,1379,1289
M3,2025-05-06,Onion,2008,1040,1387,1217
M3,2025-05-07,Onion,2037,1201,1500,1359
M3,2025-05-08,Onion,1764,1130,1339,1244
M3,2025-05-09,Onion,2056,1272,1460,1386
M3,2025-05-10,Onion,1690,1299,1500,1375
M3,2025-05-11,Onion,1560,1319,1529,1394
M3,2025-05-12,Onion,1603,1218,1413,1342
M3,2025-05-13,Onion,1671,1147,1329,1234
M3,2025-05-15,Onion,1631,1308,1485,1408
M3,2025-05-16,Onion,1815,1138,1429,1248
M3,2025-05-17,Onion,2012,1202,1444,1338
M3,2025-05-18,Onion,2041,1171,1382,1235
M3,2025-05-19,Onion,1629,1182,1494,1313
M3,2025-05-21,Onion,1729,1125,1357,1225
M3,2025-05-22,Onion,2182,1120,1420,1295
M3,2025-05-23,Onion,2062,1233,1489,1386
M3,2025-05-24,Onion,1765,1192,1435,1362
M3,2025-05-25,Onion,1779,1218,1539,1369
M3,2025-05-26,Onion,1654,1206,1458,1317
M3,2025-05-28,Onion,1528,1208,1541,1360
M3,2025-05-29,Onion,1525,1176,1511,1360
M3,2025-05-30,Onion,1741,1192,1503,1356
M3,2025-05-31,Onion,1814,1076,1402,1261
M3,2025-06-01,Onion,1259,1270,1624,1440
M3,2025-06-02,Onion,1369,1429,1682,1544
M3,2025-06-03,Onion,1501,1477,1891,1679
M3,2025-06-04,Onion,1624,1367,1572,1453
M3,2025-06-05,Onion,1674,1480,1741,1647
M3,2025-06-06,Onion,1324,1379,1748,1559
M3,2025-06-07,Onion,1301,1522,1915,1673
M3,2025-06-09,Onion,1470,1328,1552,1468
M3,2025-06-10,Onion,1834,1333,1692,1552
M3,2025-06-11,Onion,1793,1508,1813,1599
M3,2025-06-12,Onion,1400,1472,1813,1648
M3,2025-06-13,Onion,1282,1390,1808,1598
M3,2025-06-14,Onion,1650,1355,1705,1531
M3,2025-06-15,Onion,1492,1409,1726,1563
M3,2025-06-16,Onion,1402,1310,1643,1537
M3,2025-06-17,Onion,1379,1279,1625,1436
M3,2025-06-18,Onion,1603,1386,1702,1587
M3,2025-06-19,Onion,1388,1438,1755,1603
M3,2025-06-20,Onion,1362,1288,1625,1490
M3,2025-06-21,Onion,1610,1317,1653,1503
M3,2025-06-22,Onion,1709,1469,1814,1586
M3,2025-06-23,Onion,1341,1375,1745,1561
M3,2025-06-24,Onion,1874,1357,1617,1455
M3,2025-06-25,Onion,1299,1383,1704,1537
M3,2025-06-26,Onion,1604,1355,1665,1583
M3,2025-06-27,Onion,1344,1296,1597,1478
M3,2025-06-28,Onion,1414,1354,1635,1523
M3,2025-06-29,Onion,1365,1513,1707,1610
M3,2025-06-30,Onion,1284,1264,1634,1470
M3,2025-07-01,Onion,1656,1468,1783,1642
M3,2025-07-02,Onion,1526,1563,1780,1684
M3,2025-07-02,Onion,1526,1563,1780,1684
M3,2025-07-03,Onion,1296,1641,1954,1805
M3,2025-07-04,Onion,1588,1453,1919,1708
M3,2025-07-05,Onion,1491,1624,2051,1824
M3,2025-07-06,Onion,1182,1598,2124,1861
M3,2025-07-08,Onion,1196,1653,1981,1795
M3,2025-07-09,Onion,1160,1508,1813,1692
M3,2025-07-10,Onion,1692,1609,1987,1732
M3,2025-07-11,Onion,1623,1512,1899,1708
M3,2025-07-13,Onion,1595,1541,1850,1696
M3,2025-07-15,Onion,1452,1691,2106,1864
M3,2025-07-16,Onion,1506,1531,1773,1657
M3,2025-07-17,Onion,1188,1493,1830,1674
M3,2025-07-18,Onion,1529,1582,1926,1803
M3,2025-07-19,Onion,1675,1442,1879,1675
M3,2025-07-20,Onion,1181,1719,2104,1862
M3,2025-07-21,Onion,1244,1489,1763,1663
M3,2025-07-22,Onion,1263,1534,1780,1693
M3,2025-07-23,Onion,1143,1520,1937,1724
M3,2025-07-24,Onion,1370,1462,1877,1680
M3,2025-07-25,Onion,1673,1625,2046,1785
M3,2025-07-26,Onion,1654,1477,1842,1698
M3,2025-07-28,Onion,1689,1456,1855,1665
M3,2025-07-29,Onion,1190,1564,1858,1682
M3,2025-07-30,Onion,1354,1477,1809,1634
M3,2025-07-31,Onion,1565,1529,1776,1664
M3,2025-08-01,Onion,1457,1590,2042,1783
M3,2025-08-02,Onion,1370,1581,2070,1841
M3,2025-08-03,Onion,1148,1606,1961,1824
M3,2025-08-05,Onion,1326,1671,1963,1799
M3,2025-08-06,Onion,1145,1561,1811,1674
M3,2025-08-07,Onion,1500,1540,1878,1657
M3,2025-08-09,Onion,1092,1572,1970,1726
M3,2025-08-10,Onion,1149,2177,2651,2343
M3,2025-08-11,Onion,1301,2390,2743,2578
M3,2025-08-12,Onion,1119,2035,2589,2369
M3,2025-08-14,Onion,1295,2106,2691,2355
M3,2025-08-15,Onion,1394,2380,2847,2590
M3,2025-08-16,Onion,1421,2306,2898,2668
M3,2025-08-18,Onion,1091,2173,2591,2444
M3,2025-08-19,Onion,1490,2387,2670,2531
M3,2025-08-20,Onion,1350,2330,2902,2653
M3,2025-08-21,Onion,1138,2198,2912,2547
M3,2025-08-22,Onion,1313,2281,2648,2471
M3,2025-08-23,Onion,1375,2187,2880,2517
M3,2025-08-24,Onion,1369,2334,2823,2485
M3,2025-08-25,Onion,1456,2366,2753,2595
M3,2025-08-26,Onion,1225,1584,2043,1787
M3,2025-08-27,Onion,1272,1550,1947,1695
M3,2025-08-28,Onion,1311,1539,1811,1709
M3,2025-08-30,Onion,1206,1608,1953,1760
M3,2025-08-31,Onion,1594,1700,1996,1827
M3,2025-09-01,Onion,1500,1580,1915,1735
M3,2025-09-02,Onion,1542,1624,1944,1764
M3,2025-09-03,Onion,1457,1500,1837,1630
M3,2025-09-04,Onion,1449,1451,1794,1683
M3,2025-09-05,Onion,1682,1533,1958,1796
M3,2025-09-07,Onion,1667,1573,1842,1749
M3,2025-09-08,Onion,1507,1474,1835,1640
M3,2025-09-09,Onion,1271,1481,1797,1652
M3,2025-09-10,Onion,1385,1524,1832,1610
M3,2025-09-11,Onion,1506,1433,1775,1686
M3,2025-09-12,Onion,1643,1663,1966,1823
M3,2025-09-13,Onion,1288,1735,1977,1865
M3,2025-09-14,Onion,1164,1535,1912,1795
M3,2025-09-17,Onion,1248,1541,1930,1807
M3,2025-09-19,Onion,1378,1526,1839,1623
M3,2025-09-20,Onion,1325,1431,1714,1613
M3,2025-09-21,Onion,1272,1674,1945,1769
M3,2025-09-22,Onion,1653,1480,1792,1685
M3,2025-09-23,Onion,1268,1716,2033,1826
M3,2025-09-24,Onion,1363,1543,2057,1801
M3,2025-09-25,Onion,1159,1428,1750,1653
M3,2025-09-26,Onion,1503,1497,1798,1611
M3,2025-09-27,Onion,1336,1487,1729,1609
M3,2025-09-28,Onion,1403,1465,1857,1631
M3,2025-09-29,Onion,1497,1696,2015,1798
M3,2025-09-30,Onion,1646,1576,2053,1830
M3,2025-10-01,Onion,1585,1373,1739,1598
M3,2025-10-02,Onion,1356,1297,1641,1488
M3,2025-10-03,Onion,1323,1380,1818,1608
M3,2025-10-04,Onion,1349,1569,1911,1674
M3,2025-10-05,Onion,1678,1591,1906,1691
M3,2025-10-06,Onion,1534,1539,1761,1640
M3,2025-10-07,Onion,1818,1463,1797,1607
M3,2025-10-08,Onion,1368,1383,1725,1555
M3,2025-10-09,Onion,1263,1314,1670,1518
M3,2025-10-10,Onion,1296,1330,1620,1456
M3,2025-10-13,Onion,1642,1424,1763,1606
M3,2025-10-14,Onion,1465,1364,1674,1503
M3,2025-10-15,Onion,1785,1300,1552,1448
M3,2025-10-16,Onion,1870,1434,1762,1539
M3,2025-10-17,Onion,1686,1505,1806,1658
M3,2025-10-18,Onion,1601,1358,1685,1501
M3,2025-10-21,Onion,1690,1588,1930,1689
M3,2025-10-22,Onion,1445,1420,1670,1519
M3,2025-10-23,Onion,1318,1344,1631,1457
M3,2025-10-24,Onion,1677,1463,1893,1687
M3,2025-10-25,Onion,1336,1482,1796,1597
M3,2025-10-26,Onion,1612,1344,1810,1576
M3,2025-10-27,Onion,1285,1344,1563,1470
M3,2025-10-29,Onion,1626,1415,1769,1632
M3,2025-10-30,Onion,1859,1327,1643,1533
M3,2025-11-01,Onion,2154,1208,1414,1320
M3,2025-11-02,Onion,1548,1122,1380,1262
M3,2025-11-03,Onion,1592,1102,1337,1254
M3,2025-11-04,Onion,2127,1156,1395,1307
M3,2025-11-05,Onion,1729,1138,1456,1314
M3,2025-11-06,Onion,1912,1180,1459,1299
M3,2025-11-07,Onion,1838,1308,1564,1389
M3,2025-11-08,Onion,1880,1221,1501,1326
M3,2025-11-09,Onion,1845,1168,1473,1291
M3,2025-11-10,Onion,2133,1195,1489,1354
M3,2025-11-11,Onion,2106,1274,1423,1349
M3,2025-11-12,Onion,2151,1267,1430,1353
M3,2025-11-13,Onion,1573,1231,1404,1296
M3,2025-11-15,Onion,1750,1203,1467,1320
M3,2025-11-16,Onion,2043,1139,1352,1240
M3,2025-11-16,Onion,2043,1139,1352,1240
M3,2025-11-17,Onion,1845,1219,1487,1313
M3,2025-11-19,Onion,2033,1165,1498,1319
M3,2025-11-20,Onion,1588,1207,1449,1366
M3,2025-11-21,Onion,1600,1258,1515,1350
M3,2025-11-22,Onion,2118,1242,1582,1439
M3,2025-11-23,Onion,2113,1126,1345,1250
M3,2025-11-24,Onion,1543,1190,1485,1297
M3,2025-11-25,Onion,1648,1280,1460,1350
M3,2025-11-26,Onion,1840,1172,1416,1279
M3,2025-11-27,Onion,2025,1217,1477,1362
M3,2025-11-28,Onion,1913,1209,1455,1368
M3,2025-11-29,Onion,1567,1105,1454,1299
M3,2025-12-01,Onion,2192,1064,1219,1148
M3,2025-12-02,Onion,2162,901,1167,1057
M3,2025-12-03,Onion,2381,900,1178,1025
M3,2025-12-04,Onion,1875,1032,1285,1127
M3,2025-12-06,Onion,2222,1001,1155,1079
M3,2025-12-07,Onion,2440,935,1135,1079
M3,2025-12-09,Onion,1864,963,1180,1068
M3,2025-12-10,Onion,1816,954,1164,1064
M3,2025-12-12,Onion,2669,894,1094,1037
M3,2025-12-13,Onion,2199,931,1241,1095
M3,2025-12-14,Onion,2370,1017,1354,1192
M3,2025-12-15,Onion,2030,950,1185,1091
M3,2025-12-16,Onion,2553,924,1205,1062
M3,2025-12-17,Onion,2524,976,1151,1080
M3,2025-12-19,Onion,1901,972,1250,1126
M3,2025-12-20,Onion,2384,1019,1204,1085
M3,2025-12-22,Onion,2163,893,1118,1048
M3,2025-12-23,Onion,1808,1034,1288,1133
M3,2025-12-24,Onion,2304,1019,1302,1154
M3,2025-12-25,Onion,1957,940,1184,1063
M3,2025-12-26,Onion,2557,993,1163,1080
M3,2025-12-27,Onion,2206,1024,1223,1112
M3,2025-12-27,Onion,2206,1024,1223,1112
M3,2025-12-28,Onion,2483,948,1156,1032
M3,2025-12-29,Onion,2206,934,1182,1058
M3,2025-12-30,Onion,1932,913,1214,1064
M3,2025-12-31,Onion,1871,1035,1264,1151
M3,2026-01-01,Onion,2624,903,1081,970
M3,2026-01-02,Onion,3112,770,937,888
M3,2026-01-04,Onion,2660,829,1015,905
M3,2026-01-06,Onion,2934,838,1110,975
M3,2026-01-07,Onion,2148,861,1042,979
M3,2026-01-08,Onion,2127,880,1055,948
M3,2026-01-09,Onion,2215,769,956,900
M3,2026-01-10,Onion,2347,914,1061,1001
M3,2026-01-11,Onion,2149,845,1016,891
M3,2026-01-12,Onion,2292,856,1036,930
M3,2026-01-13,Onion,2662,871,1097,997
M3,2026-01-15,Onion,2276,860,1018,910
M3,2026-01-16,Onion,2538,866,1098,1009
M3,2026-01-17,Onion,2158,796,978,922
M3,2026-01-19,Onion,2569,883,1067,958
M3,2026-01-20,Onion,2719,761,989,883
M3,2026-01-21,Onion,2218,834,1026,954
M3,2026-01-22,Onion,3151,898,1043,963
M3,2026-01-23,Onion,2983,766,998,872
M3,2026-01-24,Onion,3074,818,1012,901
M3,2026-01-25,Onion,2267,874,982,930
M3,2026-01-26,Onion,2244,780,1027,906
M3,2026-01-27,Onion,3106,883,1026,948
M3,2026-01-28,Onion,2844,803,979,906
M3,2026-01-29,Onion,2447,836,1000,908
M3,2026-01-30,Onion,2512,861,1046,919
M3,2026-01-31,Onion,3148,806,993,898
M3,2026-02-01,Onion,2518,792,984,886
M3,2026-02-02,Onion,2961,787,962,876
M3,2026-02-03,Onion,3100,895,1013,942
M3,2026-02-04,Onion,2623,764,932,825
M3,2026-02-05,Onion,2576,771,968,897
M3,2026-02-06,Onion,2780,798,1010,923
M3,2026-02-07,Onion,3196,728,951,851
M3,2026-02-08,Onion,3302,760,932,835
M3,2026-02-09,Onion,2520,768,918,866
M3,2026-02-09,Onion,2520,768,918,866
M3,2026-02-10,Onion,3360,786,952,877
M3,2026-02-11,Onion,3362,862,973,913
M3,2026-02-12,Onion,3137,812,970,915
M3,2026-02-13,Onion,2903,836,1002,910
M3,2026-02-17,Onion,2469,767,1007,890
M3,2026-02-18,Onion,2992,733,879,822
M3,2026-02-19,Onion,3376,791,1012,895
M3,2026-02-20,Onion,3071,832,983,898
M3,2026-02-21,Onion,3251,843,985,919
M3,2026-02-22,Onion,2974,771,943,831
M3,2026-02-23,Onion,3103,755,874,815
M3,2026-02-24,Onion,2522,773,942,844
M3,2026-02-25,Onion,2552,745,938,827
M3,2026-02-26,Onion,2417,772,875,820
M3,2026-02-27,Onion,2753,851,989,935
M3,2026-02-28,Onion,2834,823,943,883
M3,2026-03-01,Onion,2770,785,954,905
M3,2026-03-02,Onion,2487,917,1086,984
M3,2026-03-03,Onion,2632,859,1003,946
M3,2026-03-04,Onion,2224,786,918,870
M3,2026-03-05,Onion,2605,866,1034,974
M3,2026-03-06,Onion,2470,825,974,920
M3,2026-03-08,Onion,2679,828,998,923
M3,2026-03-09,Onion,2791,844,1060,933
M3,2026-03-10,Onion,2899,887,1109,981
M3,2026-03-12,Onion,3090,853,1099,991
M3,2026-03-13,Onion,3149,828,982,923
M3,2026-03-15,Onion,2145,881,1077,940
M3,2026-03-17,Onion,2138,766,1012,897
M3,2026-03-18,Onion,2826,868,1152,1002
M3,2026-03-19,Onion,2958,875,1120,990
M3,2026-03-20,Onion,2969,821,973,919
M3,2026-03-21,Onion,2168,893,1078,1005
M3,2026-03-22,Onion,2279,939,1090,996
M3,2026-03-23,Onion,3027,856,984,926
M3,2026-03-24,Onion,2632,842,1021,921
M3,2026-03-25,Onion,3104,902,1052,975
M3,2026-03-26,Onion,2937,803,1053,917
M3,2026-03-27,Onion,2508,823,998,943
M3,2026-03-28,Onion,2154,917,1081,1002
M3,2026-03-29,Onion,3110,802,1023,936
M3,2026-03-30,Onion,3050,829,994,914
M3,2026-04-01,Onion,2392,1011,1230,1151
M3,2026-04-01,Onion,2392,1011,1230,1151
M3,2026-04-02,Onion,2017,1067,1252,1142
M3,2026-04-04,Onion,1808,1090,1258,1171
M3,2026-04-05,Onion,2663,1079,1351,1180
M3,2026-04-06,Onion,2184,1051,1242,1134
M3,2026-04-07,Onion,1902,1023,1266,1108
M3,2026-04-08,Onion,2469,908,1123,1032
M3,2026-04-09,Onion,2012,1037,1246,1094
M3,2026-04-11,Onion,2250,1084,1296,1186
M3,2026-04-12,Onion,1991,1072,1228,1158
M3,2026-04-13,Onion,2175,1004,1250,1094
M3,2026-04-14,Onion,2635,948,1116,1041
M3,2026-04-15,Onion,2214,981,1196,1073
M3,2026-04-16,Onion,1977,1017,1138,1082
M3,2026-04-16,Onion,1977,1017,1138,1082
M3,2026-04-18,Onion,2112,1087,1299,1193
M3,2026-04-19,Onion,2217,1004,1219,1122
M3,2026-04-21,Onion,1981,995,1152,1090
M3,2026-04-22,Onion,1880,1100,1239,1163
M3,2026-04-23,Onion,2371,936,1181,1074
M3,2026-04-25,Onion,1921,1062,1298,1151
M3,2026-04-26,Onion,2640,922,1167,1030
M3,2026-04-27,Onion,2216,1087,1264,1192
M3,2026-04-28,Onion,2276,1013,1263,1128
M3,2026-04-29,Onion,2155,945,1109,1042
M3,2026-04-30,Onion,2610,925,1134,1078
M3,2026-05-01,Onion,1797,1214,1450,1381
M3,2026-05-03,Onion,1935,1166,1383,1269
M3,2026-05-07,Onion,1651,1177,1381,1314
M3,2026-05-12,Onion,1763,1191,1452,1277
M3,2026-05-15,Onion,2183,1087,1446,1267
M3,2026-05-17,Onion,1669,1167,1349,1284
M3,2026-05-18,Onion,2135,1284,1448,1374
M3,2026-05-19,Onion,1532,1216,1474,1307
M3,2026-05-20,Onion,2019,1207,1507,1362
M3,2026-05-22,Onion,1714,1250,1454,1369
M3,2026-05-24,Onion,2110,1165,1457,1346
M3,2026-05-25,Onion,1704,1169,1460,1370
M3,2026-05-26,Onion,1533,1295,1646,1436
M3,2026-05-27,Onion,1940,1210,1584,1415
M3,2026-05-28,Onion,1473,1362,1567,1452
M3,2026-05-29,Onion,1630,1204,1358,1272
M3,2026-05-30,Onion,1842,1180,1393,1311
M3,2026-05-31,Onion,1484,1068,1331,1243
M3,2026-06-02,Onion,1512,1479,1861,1657
M3,2026-06-03,Onion,1357,1434,1748,1591
M3,2026-06-04,Onion,1280,1508,1745,1616
M3,2026-06-06,Onion,1497,1394,1766,1558
M3,2026-06-07,Onion,1846,1493,1840,1621
M3,2026-06-08,Onion,1296,1531,1702,1615
M3,2026-06-09,Onion,1439,1624,1852,1710
M3,2026-06-10,Onion,1567,1352,1666,1542
M3,2026-06-11,Onion,1326,1510,1873,1643
M3,2026-06-12,Onion,1544,1410,1634,1525
M3,2026-06-13,Onion,1734,1449,1891,1676
M3,2026-06-14,Onion,1854,1363,1749,1557
M3,2026-06-16,Onion,1735,1456,1810,1656
M3,2026-06-17,Onion,1371,1500,1823,1625
M3,2026-06-19,Onion,1457,1458,1787,1559
M3,2026-06-20,Onion,1872,1311,1736,1512
M3,2026-06-21,Onion,1461,1453,1803,1662
M3,2026-06-22,Onion,1737,1545,1963,1712
M3,2026-06-23,Onion,1672,1459,1889,1657
M3,2026-06-25,Onion,1691,1373,1611,1518
M3,2026-06-26,Onion,1298,1480,1851,1624
M3,2026-06-27,Onion,1825,1373,1554,1464
M3,2026-06-28,Onion,1651,1490,1710,1596
M3,2026-06-29,Onion,1298,1331,1648,1503
M3,2026-06-30,Onion,1738,1307,1678,1472
M4,2024-01-01,Onion,2916,739,881,793
M4,2024-01-03,Onion,2059,794,930,841
M4,2024-01-05,Onion,2243,705,905,826
M4,2024-01-06,Onion,2359,801,940,883
M4,2024-01-07,Onion,2863,782,942,866
M4,2024-01-08,Onion,2470,780,945,844
M4,2024-01-09,Onion,2082,708,910,801
M4,2024-01-10,Onion,3023,798,979,909
M4,2024-01-11,Onion,2315,808,936,889
M4,2024-01-12,Onion,2405,711,945,826
M4,2024-01-13,Onion,2531,846,999,915
M4,2024-01-14,Onion,2754,826,1010,885
M4,2024-01-15,Onion,2499,726,937,830
M4,2024-01-16,Onion,2533,735,914,809
M4,2024-01-17,Onion,2483,818,1033,903
M4,2024-01-18,Onion,2363,827,947,900
M4,2024-01-19,Onion,2029,710,895,807
M4,2024-01-21,Onion,2552,796,931,856
M4,2024-01-22,Onion,2370,732,878,795
M4,2024-01-24,Onion,2878,761,966,873
M4,2024-01-25,Onion,2028,824,992,891
M4,2024-01-26,Onion,2217,741,936,839
M4,2024-01-27,Onion,2479,826,990,886
M4,2024-01-28,Onion,2335,759,953,840
M4,2024-01-30,Onion,2138,799,949,893
M4,2024-01-31,Onion,2435,815,984,868
M4,2024-02-03,Onion,2404,700,860,778
M4,2024-02-04,Onion,3196,721,823,768
M4,2024-02-05,Onion,2256,707,896,826
M4,2024-02-06,Onion,3243,739,892,837
M4,2024-02-07,Onion,2470,727,849,793
M4,2024-02-09,Onion,2833,774,897,821
M4,2024-02-10,Onion,2483,732,877,799
M4,2024-02-11,Onion,2642,681,883,789
M4,2024-02-12,Onion,2205,764,956,860
M4,2024-02-13,Onion,2959,665,857,755
M4,2024-02-14,Onion,2481,757,961,849
M4,2024-02-16,Onion,2579,685,828,750
M4,2024-02-18,Onion,2273,723,950,847
M4,2024-02-20,Onion,2436,754,939,864
M4,2024-02-21,Onion,2810,654,861,761
M4,2024-02-22,Onion,3072,789,917,854
M4,2024-02-23,Onion,2891,675,838,749
M4,2024-02-24,Onion,2198,763,918,851
M4,2024-02-25,Onion,2654,768,975,854
M4,2024-02-26,Onion,3056,790,964,854
M4,2024-02-27,Onion,2430,696,856,752
M4,2024-02-28,Onion,2930,742,924,853
M4,2024-02-29,Onion,2577,754,881,804
M4,2024-03-01,Onion,2043,841,992,912
M4,2024-03-02,Onion,2701,743,997,872
M4,2024-03-03,Onion,2445,841,1004,923
M4,2024-03-04,Onion,2791,710,874,811
M4,2024-03-05,Onion,2699,682,901,801
M4,2024-03-06,Onion,2540,753,958,864
M4,2024-03-10,Onion,2931,732,886,814
M4,2024-03-11,Onion,2238,743,902,810
M4,2024-03-14,Onion,2585,846,1035,904
M4,2024-03-15,Onion,2437,690,920,811
M4,2024-03-16,Onion,2445,717,928,843
M4,2024-03-17,Onion,2871,790,907,854
M4,2024-03-18,Onion,2150,726,863,805
M4,2024-03-19,Onion,2428,830,1049,929
M4,2024-03-20,Onion,2228,767,925,821
M4,2024-03-21,Onion,2262,714,949,827
M4,2024-03-22,Onion,2204,792,924,852
M4,2024-03-23,Onion,2083,828,1006,884
M4,2024-03-24,Onion,2802,734,913,852
M4,2024-03-25,Onion,2353,729,863,807
M4,2024-03-27,Onion,2310,807,1001,924
M4,2024-03-28,Onion,2498,755,868,795
M4,2024-03-29,Onion,2324,776,917,839
M4,2024-03-30,Onion,2136,811,986,868
M4,2024-03-31,Onion,2199,806,992,871
M4,2024-04-01,Onion,2524,960,1152,1093
M4,2024-04-03,Onion,1884,923,1084,996
M4,2024-04-04,Onion,2298,919,1151,1008
M4,2024-04-05,Onion,1934,916,1121,1020
M4,2024-04-07,Onion,2390,914,1118,979
M4,2024-04-08,Onion,1781,965,1219,1081
M4,2024-04-10,Onion,2236,984,1247,1100
M4,2024-04-11,Onion,2366,1027,1239,1095
M4,2024-04-12,Onion,1905,1029,1188,1086
M4,2024-04-13,Onion,1787,928,1129,991
M4,2024-04-14,Onion,2476,958,1167,1036
M4,2024-04-15,Onion,1717,870,1083,949
M4,2024-04-16,Onion,2351,864,1118,995
M4,2024-04-17,Onion,2329,840,1115,973
M4,2024-04-20,Onion,2078,874,1120,987
M4,2024-04-21,Onion,2140,944,1141,1024
M4,2024-04-22,Onion,2005,992,1235,1102
M4,2024-04-23,Onion,2304,897,1059,999
M4,2024-04-25,Onion,1957,890,1181,1039
M4,2024-04-26,Onion,2508,983,1177,1057
M4,2024-04-27,Onion,2440,893,1059,944
M4,2024-04-28,Onion,2127,868,1049,963
M4,2024-04-29,Onion,2545,998,1188,1100
M4,2024-04-30,Onion,2508,967,1220,1095
M4,2024-05-01,Onion,1592,1137,1489,1323
M4,2024-05-02,Onion,2002,1161,1310,1222
M4,2024-05-03,Onion,1670,1070,1287,1197
M4,2024-05-04,Onion,1893,1162,1351,1224
M4,2024-05-05,Onion,1523,1176,1401,1276
M4,2024-05-06,Onion,1706,1114,1316,1245
M4,2024-05-07,Onion,1673,1053,1362,1223
M4,2024-05-08,Onion,1692,1086,1366,1267
M4,2024-05-09,Onion,1546,1109,1332,1210
M4,2024-05-10,Onion,1995,1136,1388,1252
M4,2024-05-11,Onion,1533,1258,1399,1326
M4,2024-05-12,Onion,1627,1255,1395,1325
M4,2024-05-14,Onion,1692,1005,1307,1148
M4,2024-05-15,Onion,1552,1104,1262,1185
M4,2024-05-16,Onion,1972,1115,1350,1229
M4,2024-05-17,Onion,1746,1086,1285,1157
M4,2024-05-18,Onion,1615,1111,1472,1286
M4,2024-05-20,Onion,1756,1087,1397,1240
M4,2024-05-21,Onion,1746,1024,1219,1159
M4,2024-05-22,Onion,1464,1060,1372,1226
M4,2024-05-23,Onion,1682,1027,1365,1197
M4,2024-05-24,Onion,1837,1072,1324,1206
M4,2024-05-25,Onion,1630,1231,1527,1339
M4,2024-05-26,Onion,1950,1098,1286,1175
M4,2024-05-27,Onion,1883,1169,1311,1234
M4,2024-05-28,Onion,2009,1222,1483,1335
M4,2024-05-29,Onion,1408,1208,1481,1290
M4,2024-05-31,Onion,2014,1141,1382,1230
M4,2024-06-01,Onion,1706,1380,1534,1461
M4,2024-06-02,Onion,1498,1360,1605,1470
M4,2024-06-03,Onion,1402,1408,1745,1553
M4,2024-06-04,Onion,1523,1356,1665,1469
M4,2024-06-05,Onion,1559,1309,1608,1506
M4,2024-06-06,Onion,1529,1303,1520,1382
M4,2024-06-07,Onion,1421,1379,1641,1453
M4,2024-06-08,Onion,1488,1296,1535,1410
M4,2024-06-11,Onion,1321,1356,1529,1441
M4,2024-06-12,Onion,1420,1377,1672,1572
M4,2024-06-13,Onion,1676,1292,1470,1400
M4,2024-06-14,Onion,1641,1308,1535,1430
M4,2024-06-15,Onion,1452,1300,1694,1498
M4,2024-06-16,Onion,1785,1164,1504,1345
M4,2024-06-17,Onion,1227,1191,1499,1360
M4,2024-06-18,Onion,1361,1389,1697,1521
M4,2024-06-19,Onion,1484,1255,1632,1435
M4,2024-06-20,Onion,1565,1324,1674,1521
M4,2024-06-21,Onion,1530,1338,1723,1536
M4,2024-06-22,Onion,1405,1266,1607,1468
M4,2024-06-23,Onion,1259,1492,1704,1571
M4,2024-06-24,Onion,1682,1236,1533,1353
M4,2024-06-25,Onion,1492,1359,1599,1472
M4,2024-06-26,Onion,1762,1183,1542,1351
M4,2024-06-27,Onion,1755,1355,1782,1562
M4,2024-06-28,Onion,1434,1175,1524,1358
M4,2024-06-29,Onion,1251,1188,1513,1388
M4,2024-06-30,Onion,1520,1367,1679,1534
M4,2024-07-01,Onion,1368,1385,1796,1617
M4,2024-07-02,Onion,1312,1475,1729,1561
M4,2024-07-03,Onion,1454,1393,1771,1586
M4,2024-07-04,Onion,1110,1392,1697,1593
M4,2024-07-05,Onion,1290,1395,1789,1621
M4,2024-07-07,Onion,1293,1392,1771,1598
M4,2024-07-08,Onion,1335,1391,1730,1587
M4,2024-07-09,Onion,1160,1438,1810,1616
M4,2024-07-12,Onion,1536,1510,1879,1676
M4,2024-07-13,Onion,1095,1549,1883,1698
M4,2024-07-14,Onion,1458,1447,1871,1671
M4,2024-07-15,Onion,1453,1650,1849,1750
M4,2024-07-17,Onion,1201,1488,1773,1614
M4,2024-07-18,Onion,1254,1652,1973,1740
M4,2024-07-19,Onion,1343,1548,1859,1679
M4,2024-07-20,Onion,1156,1368,1742,1532
M4,2024-07-21,Onion,1255,1477,1935,1690
M4,2024-07-22,Onion,1499,1413,1736,1529
M4,2024-07-23,Onion,1615,1543,1960,1720
M4,2024-07-24,Onion,1454,1613,1820,1716
M4,2024-07-25,Onion,1401,1355,1820,1592
M4,2024-07-26,Onion,1597,1310,1663,1534
M4,2024-07-26,Onion,1597,1310,1663,1534
M4,2024-07-28,Onion,1414,1454,1838,1694
M4,2024-07-29,Onion,1198,1576,1937,1735
M4,2024-07-30,Onion,1272,1395,1668,1561
M4,2024-08-01,Onion,1363,1486,1791,1692
M4,2024-08-02,Onion,1385,1603,1857,1703
M4,2024-08-03,Onion,1330,1377,1731,1562
M4,2024-08-06,Onion,1269,1534,1828,1730
M4,2024-08-07,Onion,1514,1469,1695,1605
M4,2024-08-08,Onion,1410,1465,1727,1627
M4,2024-08-09,Onion,1238,1445,1668,1555
M4,2024-08-11,Onion,1506,1578,1880,1696
M4,2024-08-12,Onion,1306,1567,1778,1656
M4,2024-08-13,Onion,1231,1394,1766,1626
M4,2024-08-14,Onion,1141,1463,1801,1700
M4,2024-08-16,Onion,1431,1531,1852,1696
M4,2024-08-17,Onion,1550,1376,1649,1568
M4,2024-08-18,Onion,1266,1711,1976,1803
M4,2024-08-19,Onion,1483,1440,1929,1684
M4,2024-08-20,Onion,1062,1506,1803,1692
M4,2024-08-21,Onion,1477,1553,1834,1746
M4,2024-08-22,Onion,1497,1523,1953,1719
M4,2024-08-23,Onion,1449,1535,1907,1760
M4,2024-08-24,Onion,1268,1525,2047,1782
M4,2024-08-25,Onion,1478,1606,1913,1717
M4,2024-08-26,Onion,1507,1465,1900,1681
M4,2024-08-27,Onion,1526,1504,1839,1708
M4,2024-08-28,Onion,1064,1545,2022,1778
M4,2024-08-29,Onion,1424,1660,1990,1760
M4,2024-09-01,Onion,1349,1600,1916,1700
M4,2024-09-02,Onion,1171,1434,1886,1667
M4,2024-09-04,Onion,1152,1523,1812,1695
M4,2024-09-05,Onion,1592,1580,1787,1701
M4,2024-09-06,Onion,1222,1444,1637,1523
M4,2024-09-07,Onion,1247,1308,1605,1501
M4,2024-09-08,Onion,1163,1388,1694,1566
M4,2024-09-09,Onion,1491,1365,1785,1600
M4,2024-09-10,Onion,1467,1417,1668,1506
M4,2024-09-11,Onion,1374,1495,1920,1694
M4,2024-09-14,Onion,1374,1429,1758,1555
M4,2024-09-15,Onion,1107,1476,1828,1644
M4,2024-09-16,Onion,1471,1428,1789,1659
M4,2024-09-17,Onion,1268,1581,1902,1708
M4,2024-09-19,Onion,1130,1465,1786,1610
M4,2024-09-20,Onion,1549,1343,1638,1508
M4,2024-09-21,Onion,1370,1418,1817,1600
M4,2024-09-22,Onion,1422,1514,1871,1701
M4,2024-09-23,Onion,1415,1410,1768,1593
M4,2024-09-24,Onion,1498,1357,1791,1572
M4,2024-09-25,Onion,1286,1464,1702,1546
M4,2024-09-26,Onion,1292,1442,1863,1636
M4,2024-09-27,Onion,1261,1469,1736,1556
M4,2024-09-28,Onion,1124,1454,1868,1671
M4,2024-09-29,Onion,1591,1609,1826,1712
M4,2024-09-30,Onion,1326,1471,1780,1577
M4,2024-10-01,Onion,1570,2092,2385,2248
M4,2024-10-03,Onion,1532,2336,2701,2490
M4,2024-10-04,Onion,1766,2198,2634,2360
M4,2024-10-05,Onion,1615,2246,2643,2446
M4,2024-10-06,Onion,1716,1971,2488,2267
M4,2024-10-07,Onion,1406,2161,2685,2444
M4,2024-10-08,Onion,1501,2019,2491,2309
M4,2024-10-10,Onion,1354,2105,2648,2389
M4,2024-10-13,Onion,1457,2078,2535,2358
M4,2024-10-14,Onion,1600,2099,2782,2455
M4,2024-10-15,Onion,1380,2213,2883,2507
M4,2024-10-16,Onion,1210,2313,2701,2482
M4,2024-10-17,Onion,1425,2284,2779,2418
M4,2024-10-18,Onion,1453,2118,2408,2236
M4,2024-10-20,Onion,1501,2045,2523,2402
M4,2024-10-21,Onion,1591,1323,1631,1504
M4,2024-10-22,Onion,1711,1299,1536,1419
M4,2024-10-23,Onion,1428,1327,1768,1555
M4,2024-10-24,Onion,1704,1374,1682,1524
M4,2024-10-25,Onion,1427,1412,1723,1562
M4,2024-10-26,Onion,1589,1350,1757,1584
M4,2024-10-27,Onion,1631,1367,1655,1539
M4,2024-10-27,Onion,1631,1367,1655,1539
M4,2024-10-30,Onion,1625,1221,1573,1416
M4,2024-11-01,Onion,1445,1040,1335,1199
M4,2024-11-02,Onion,2111,1025,1263,1180
M4,2024-11-03,Onion,1636,1117,1365,1275
M4,2024-11-04,Onion,1819,1018,1247,1162
M4,2024-11-05,Onion,1941,1086,1289,1186
M4,2024-11-07,Onion,2014,1235,1444,1305
M4,2024-11-08,Onion,1475,1213,1434,1322
M4,2024-11-09,Onion,1449,1050,1248,1182
M4,2024-11-10,Onion,1518,1134,1361,1295
M4,2024-11-11,Onion,1488,1209,1395,1293
M4,2024-11-12,Onion,1901,1183,1446,1324
M4,2024-11-13,Onion,1518,1195,1455,1349
M4,2024-11-14,Onion,1497,1075,1287,1162
M4,2024-11-15,Onion,1661,1080,1375,1205
M4,2024-11-16,Onion,1811,1079,1388,1217
M4,2024-11-17,Onion,1747,1092,1262,1166
M4,2024-11-18,Onion,1688,1097,1327,1245
M4,2024-11-19,Onion,1843,1139,1410,1289
M4,2024-11-20,Onion,1652,1106,1323,1235
M4,2024-11-24,Onion,1900,1177,1418,1306
M4,2024-11-25,Onion,1533,1154,1473,1311
M4,2024-11-26,Onion,1953,1070,1368,1212
M4,2024-11-27,Onion,1570,1158,1429,1297
M4,2024-11-28,Onion,1669,1078,1293,1227
M4,2024-11-29,Onion,2064,1142,1481,1292
M4,2024-11-30,Onion,1609,1146,1478,1291
M4,2024-12-01,Onion,2324,1015,1255,1110
M4,2024-12-02,Onion,2107,1018,1181,1076
M4,2024-12-03,Onion,1746,899,1006,955
M4,2024-12-05,Onion,1826,880,1111,969
M4,2024-12-07,Onion,1898,913,1162,1051
M4,2024-12-09,Onion,2055,967,1178,1108
M4,2024-12-10,Onion,1932,846,1067,972
M4,2024-12-12,Onion,2041,987,1194,1091
M4,2024-12-13,Onion,2525,991,1203,1080
M4,2024-12-15,Onion,1865,980,1168,1042
M4,2024-12-16,Onion,2060,995,1161,1084
M4,2024-12-17,Onion,1867,893,1190,1046
M4,2024-12-19,Onion,2306,845,1060,982
M4,2024-12-20,Onion,2183,1002,1244,1117
M4,2024-12-21,Onion,2456,970,1185,1099
M4,2024-12-22,Onion,2228,871,1045,956
M4,2024-12-24,Onion,2300,854,1093,956
M4,2024-12-25,Onion,1892,951,1118,1054
M4,2024-12-26,Onion,2242,968,1263,1101
M4,2024-12-27,Onion,1854,963,1077,1018
M4,2024-12-31,Onion,2485,934,1129,1036
M4,2025-01-01,Onion,2357,756,989,869
M4,2025-01-02,Onion,2631,820,1006,920
M4,2025-01-03,Onion,2842,822,949,881
M4,2025-01-04,Onion,2080,857,1019,934
M4,2025-01-05,Onion,2642,793,909,849
M4,2025-01-06,Onion,2818,793,907,857
M4,2025-01-07,Onion,2066,709,860,815
M4,2025-01-09,Onion,2583,789,993,864
M4,2025-01-10,Onion,2634,846,1014,892
M4,2025-01-11,Onion,2121,752,934,829
M4,2025-01-13,Onion,2963,829,1014,928
M4,2025-01-14,Onion,2924,785,962,912
M4,2025-01-15,Onion,2748,857,1033,929
M4,2025-01-17,Onion,2315,807,962,911
M4,2025-01-18,Onion,2701,813,975,905
M4,2025-01-19,Onion,2241,769,912,863
M4,2025-01-20,Onion,2157,780,950,849
M4,2025-01-21,Onion,2364,757,934,832
M4,2025-01-22,Onion,2562,723,908,842
M4,2025-01-24,Onion,2726,874,1059,937
M4,2025-01-25,Onion,2208,848,1044,912
M4,2025-01-26,Onion,2119,741,859,810
M4,2025-01-27,Onion,2414,863,1042,915
M4,2025-01-28,Onion,2513,773,991,892
M4,2025-01-29,Onion,2460,708,920,809
M4,2025-01-30,Onion,2098,764,950,852
M4,2025-01-31,Onion,2874,776,887,826
M4,2025-02-02,Onion,2867,711,871,793
M4,2025-02-03,Onion,2380,732,907,853
M4,2025-02-04,Onion,2193,682,891,784
M4,2025-02-05,Onion,2616,780,938,872
M4,2025-02-06,Onion,2241,750,924,872
M4,2025-02-07,Onion,2750,735,854,791
M4,2025-02-08,Onion,2564,731,819,779
M4,2025-02-09,Onion,2861,809,956,884
M4,2025-02-10,Onion,2578,707,909,800
M4,2025-02-11,Onion,2600,682,873,765
M4,2025-02-13,Onion,2365,737,847,796
M4,2025-02-14,Onion,2500,716,878,782
M4,2025-02-15,Onion,2781,786,946,853
M4,2025-02-16,Onion,2761,772,872,813
M4,2025-02-17,Onion,3226,727,859,818
M4,2025-02-19,Onion,3018,771,914,844
M4,2025-02-20,Onion,2710,750,1010,882
M4,2025-02-22,Onion,2853,730,861,772
M4,2025-02-23,Onion,2898,748,993,867
M4,2025-02-24,Onion,3178,758,1000,875
M4,2025-02-25,Onion,3192,760,939,868
M4,2025-02-26,Onion,2867,750,899,809
M4,2025-02-27,Onion,2848,759,876,805
M4,2025-02-28,Onion,3019,693,807,754
M4,2025-03-01,Onion,2831,818,1016,887
M4,2025-03-02,Onion,2667,720,918,808
M4,2025-03-03,Onion,2885,718,867,818
M4,2025-03-05,Onion,2980,813,964,858
M4,2025-03-06,Onion,2350,819,971,891
M4,2025-03-07,Onion,2179,751,923,834
M4,2025-03-09,Onion,2591,813,967,915
M4,2025-03-10,Onion,2212,827,1026,896
M4,2025-03-11,Onion,2530,871,988,937
M4,2025-03-12,Onion,2907,805,1037,923
M4,2025-03-13,Onion,2990,853,977,924
M4,2025-03-14,Onion,2871,701,872,812
M4,2025-03-15,Onion,2599,759,978,860
M4,2025-03-16,Onion,2176,843,978,892
M4,2025-03-18,Onion,2579,751,954,861
M4,2025-03-19,Onion,2141,720,928,824
M4,2025-03-20,Onion,2949,798,1034,913
M4,2025-03-21,Onion,2492,841,1015,887
M4,2025-03-22,Onion,2577,712,861,810
M4,2025-03-23,Onion,2865,809,990,916
M4,2025-03-24,Onion,2484,750,983,862
M4,2025-03-26,Onion,2703,797,950,853
M4,2025-03-27,Onion,2531,739,873,827
M4,2025-03-28,Onion,2030,696,881,818
M4,2025-03-29,Onion,2312,709,926,826
M4,2025-03-30,Onion,2659,825,976,908
M4,2025-03-31,Onion,3029,879,1024,950
M4,2025-04-02,Onion,2451,892,1130,998
M4,2025-04-03,Onion,2529,956,1219,1106
M4,2025-04-04,Onion,1801,1008,1150,1086
M4,2025-04-05,Onion,2055,931,1216,1073
M4,2025-04-06,Onion,2444,958,1131,1014
M4,2025-04-08,Onion,1718,932,1072,991
M4,2025-04-09,Onion,2112,910,1030,965
M4,2025-04-10,Onion,2319,866,1148,1004
M4,2025-04-11,Onion,2391,888,1118,1017
M4,2025-04-12,Onion,2378,902,1124,1028
M4,2025-04-13,Onion,2409,901,1186,1039
M4,2025-04-14,Onion,2463,1016,1214,1089
M4,2025-04-15,Onion,2438,1032,1233,1102
M4,2025-04-16,Onion,2488,976,1105,1047
M4,2025-04-18,Onion,1919,958,1223,1084
M4,2025-04-19,Onion,1719,970,1198,1045
M4,2025-04-20,Onion,1993,938,1138,1075
M4,2025-04-21,Onion,2093,861,1073,968
M4,2025-04-22,Onion,1941,943,1186,1052
M4,2025-04-23,Onion,2435,914,1204,1051
M4,2025-04-24,Onion,2344,982,1175,1110
M4,2025-04-25,Onion,2111,1024,1240,1079
M4,2025-04-26,Onion,2510,912,1172,1046
M4,2025-04-27,Onion,2243,925,1121,989
M4,2025-04-28,Onion,1958,894,1103,1006
M4,2025-04-29,Onion,2186,953,1211,1093
M4,2025-05-03,Onion,1922,1108,1369,1270
M4,2025-05-03,Onion,1922,1108,1369,1270
M4,2025-05-04,Onion,1470,1107,1435,1289
M4,2025-05-05,Onion,1682,1116,1353,1243
M4,2025-05-06,Onion,1799,1149,1430,1310
M4,2025-05-07,Onion,1968,1278,1542,1349
M4,2025-05-09,Onion,1994,1088,1347,1270
M4,2025-05-10,Onion,1957,1044,1282,1192
M4,2025-05-11,Onion,1625,1237,1426,1336
M4,2025-05-12,Onion,1546,1180,1328,1247
M4,2025-05-13,Onion,2077,1181,1382,1247
M4,2025-05-14,Onion,1901,1181,1333,1261
M4,2025-05-17,Onion,1987,1178,1343,1250
M4,2025-05-19,Onion,1798,1079,1343,1238
M4,2025-05-20,Onion,1869,1258,1461,1352
M4,2025-05-21,Onion,1729,1156,1401,1239
M4,2025-05-22,Onion,1678,1279,1466,1360
M4,2025-05-23,Onion,1730,1099,1402,1244
M4,2025-05-24,Onion,1506,1257,1401,1332
M4,2025-05-25,Onion,1848,1209,1395,1305
M4,2025-05-26,Onion,1977,1203,1472,1293
M4,2025-05-27,Onion,1651,1101,1339,1234
M4,2025-05-28,Onion,1575,1208,1546,1365
M4,2025-05-29,Onion,1441,1098,1287,1218
M4,2025-05-30,Onion,1771,1235,1469,1306
M4,2025-05-31,Onion,1521,1237,1517,1359
M4,2025-06-01,Onion,1718,1288,1472,1401
M4,2025-06-02,Onion,1536,1315,1669,1508
M4,2025-06-04,Onion,1450,1415,1771,1563
M4,2025-06-05,Onion,1207,1434,1610,1527
M4,2025-06-06,Onion,1698,1226,1505,1370
M4,2025-06-07,Onion,1564,1378,1609,1512
M4,2025-06-08,Onion,1360,1307,1670,1504
M4,2025-06-09,Onion,1265,1396,1698,1507
M4,2025-06-10,Onion,1310,1338,1718,1550
M4,2025-06-12,Onion,1464,1385,1666,1463
M4,2025-06-13,Onion,1556,1333,1617,1446
M4,2025-06-14,Onion,1611,1421,1692,1558
M4,2025-06-15,Onion,1752,1372,1606,1517
M4,2025-06-18,Onion,1464,1314,1485,1410
M4,2025-06-19,Onion,1400,1417,1735,1603
M4,2025-06-20,Onion,1246,1448,1770,1567
M4,2025-06-21,Onion,1593,1411,1640,1499
M4,2025-06-22,Onion,1259,1480,1674,1577
M4,2025-06-23,Onion,1750,1294,1466,1386
M4,2025-06-25,Onion,1686,1459,1784,1571
M4,2025-06-26,Onion,1525,1436,1639,1550
M4,2025-06-28,Onion,1517,1328,1547,1446
M4,2025-06-29,Onion,1327,1421,1703,1551
M4,2025-07-01,Onion,1245,1414,1647,1524
M4,2025-07-02,Onion,1601,1527,1859,1760
M4,2025-07-03,Onion,1401,1539,1943,1750
M4,2025-07-05,Onion,1182,1589,1878,1712
M4,2025-07-06,Onion,1550,1399,1718,1542
M4,2025-07-07,Onion,1351,1623,1994,1745
M4,2025-07-08,Onion,1090,1397,1635,1540
M4,2025-07-09,Onion,1298,1651,1887,1744
M4,2025-07-12,Onion,1098,1524,1831,1688
M4,2025-07-13,Onion,1266,1517,2012,1780
M4,2025-07-14,Onion,1310,1441,1738,1542
M4,2025-07-16,Onion,1564,1543,1875,1715
M4,2025-07-17,Onion,1168,1407,1736,1572
M4,2025-07-18,Onion,1458,1393,1731,1579
M4,2025-07-19,Onion,1292,1524,1891,1649
M4,2025-07-20,Onion,1197,1597,1834,1701
M4,2025-07-21,Onion,1203,1549,1974,1728
M4,2025-07-22,Onion,1579,1556,1795,1649
M4,2025-07-23,Onion,1143,1456,1730,1572
M4,2025-07-24,Onion,1355,1513,1761,1672
M4,2025-07-25,Onion,1585,1567,1901,1753
M4,2025-07-26,Onion,1293,1469,1767,1669
M4,2025-07-27,Onion,1387,1367,1722,1560
M4,2025-07-28,Onion,1595,1461,1845,1701
M4,2025-07-29,Onion,1192,1534,1969,1782
M4,2025-07-30,Onion,1419,1397,1761,1592
M4,2025-07-31,Onion,1588,1487,1777,1603
M4,2025-08-02,Onion,1078,1431,1798,1584
M4,2025-08-03,Onion,1296,1476,1777,1628
M4,2025-08-04,Onion,1457,1584,1889,1727
M4,2025-08-05,Onion,1539,1617,2051,1831
M4,2025-08-06,Onion,1547,1521,1818,1708
M4,2025-08-07,Onion,1215,1618,1953,1791
M4,2025-08-09,Onion,1195,1385,1836,1616
M4,2025-08-11,Onion,1295,2101,2765,2458
M4,2025-08-12,Onion,1453,2238,2555,2376
M4,2025-08-13,Onion,1096,2140,2831,2513
M4,2025-08-14,Onion,1062,2251,2683,2371
M4,2025-08-15,Onion,1245,1951,2419,2275
M4,2025-08-16,Onion,1123,2158,2647,2356
M4,2025-08-17,Onion,1456,2251,2725,2386
M4,2025-08-18,Onion,1533,1967,2560,2266
M4,2025-08-20,Onion,1069,1939,2523,2243
M4,2025-08-22,Onion,1175,2452,2799,2588
M4,2025-08-23,Onion,1171,2275,2653,2476
M4,2025-08-24,Onion,1141,2322,2741,2446
M4,2025-08-25,Onion,1259,2231,2758,2457
M4,2025-08-26,Onion,1310,1429,1809,1679
M4,2025-08-27,Onion,1115,1629,1882,1718
M4,2025-08-28,Onion,1116,1440,1865,1673
M4,2025-08-29,Onion,1198,1545,1821,1652
M4,2025-08-30,Onion,1058,1498,1907,1750
M4,2025-08-31,Onion,1146,1463,1867,1710
M4,2025-09-01,Onion,1612,1471,1803,1634
M4,2025-09-02,Onion,1225,1456,1713,1573
M4,2025-09-03,Onion,1366,1373,1664,1564
M4,2025-09-04,Onion,1245,1375,1740,1572
M4,2025-09-05,Onion,1157,1459,1958,1709
M4,2025-09-06,Onion,1429,1611,1892,1789
M4,2025-09-07,Onion,1534,1486,1802,1613
M4,2025-09-08,Onion,1494,1431,1675,1529
M4,2025-09-12,Onion,1313,1600,1923,1783
M4,2025-09-13,Onion,1167,1438,1724,1603
M4,2025-09-14,Onion,1198,1662,2028,1792
M4,2025-09-16,Onion,1439,1480,1799,1672
M4,2025-09-17,Onion,1208,1631,1949,1764
M4,2025-09-19,Onion,1492,1570,1917,1725
M4,2025-09-21,Onion,1448,1660,1885,1770
M4,2025-09-22,Onion,1411,1444,1846,1661
M4,2025-09-24,Onion,1149,1483,1732,1599
M4,2025-09-25,Onion,1327,1650,1981,1768
M4,2025-09-26,Onion,1181,1631,1878,1746
M4,2025-09-27,Onion,1593,1522,1914,1724
M4,2025-09-29,Onion,1488,1546,1840,1628
M4,2025-09-30,Onion,1151,1479,1931,1708
M4,2025-10-01,Onion,1336,1399,1698,1481
M4,2025-10-02,Onion,1257,1217,1583,1430
M4,2025-10-03,Onion,1499,1383,1676,1541
M4,2025-10-04,Onion,1218,1296,1661,1492
M4,2025-10-05,Onion,1645,1234,1572,1423
M4,2025-10-06,Onion,1770,1433,1741,1584
M4,2025-10-07,Onion,1663,1422,1722,1556
M4,2025-10-08,Onion,1385,1408,1606,1529
M4,2025-10-09,Onion,1440,1382,1630,1514
M4,2025-10-10,Onion,1446,1249,1557,1437
M4,2025-10-14,Onion,1201,1282,1577,1501
M4,2025-10-18,Onion,1223,1417,1728,1560
M4,2025-10-19,Onion,1540,1187,1521,1392
M4,2025-10-20,Onion,1207,1358,1733,1580
M4,2025-10-21,Onion,1409,1353,1674,1492
M4,2025-10-22,Onion,1224,1268,1544,1426
M4,2025-10-23,Onion,1499,1372,1673,1531
M4,2025-10-24,Onion,1270,1364,1814,1601
M4,2025-10-25,Onion,1719,1238,1646,1454
M4,2025-10-27,Onion,1234,1453,1766,1581
M4,2025-10-28,Onion,1594,1511,1777,1600
M4,2025-10-29,Onion,1456,1372,1721,1559
M4,2025-10-30,Onion,1593,1412,1673,1533
M4,2025-11-01,Onion,1413,1087,1457,1278
M4,2025-11-02,Onion,2070,1089,1302,1218
M4,2025-11-03,Onion,1941,1044,1352,1195
M4,2025-11-04,Onion,1917,1138,1371,1242
M4,2025-11-05,Onion,2044,1220,1421,1335
M4,2025-11-06,Onion,1439,1088,1306,1230
M4,2025-11-07,Onion,1704,1198,1360,1286
M4,2025-11-10,Onion,2102,1077,1298,1193
M4,2025-11-11,Onion,1576,1133,1489,1300
M4,2025-11-12,Onion,1608,1117,1484,1294
M4,2025-11-13,Onion,1566,1290,1565,1364
M4,2025-11-14,Onion,1864,1155,1395,1283
M4,2025-11-15,Onion,1893,1030,1367,1196
M4,2025-11-16,Onion,1543,1030,1354,1204
M4,2025-11-17,Onion,1857,1095,1436,1286
M4,2025-11-19,Onion,2045,1163,1403,1322
M4,2025-11-20,Onion,2077,1129,1404,1222
M4,2025-11-22,Onion,2084,1201,1557,1373
M4,2025-11-25,Onion,1651,1170,1426,1259
M4,2025-11-26,Onion,1463,1106,1380,1295
M4,2025-11-27,Onion,1628,1192,1457,1275
M4,2025-11-28,Onion,1713,1133,1412,1330
M4,2025-11-29,Onion,2090,1047,1340,1179
M4,2025-11-30,Onion,1539,1228,1537,1353
M4,2025-12-01,Onion,2074,893,1133,1024
M4,2025-12-02,Onion,2550,942,1097,1025
M4,2025-12-03,Onion,1821,1038,1240,1137
M4,2025-12-04,Onion,2269,916,1132,1039
M4,2025-12-05,Onion,1941,932,1115,1025
M4,2025-12-06,Onion,2061,933,1107,1000
M4,2025-12-07,Onion,1999,953,1085,1028
M4,2025-12-08,Onion,2273,978,1198,1062
M4,2025-12-09,Onion,1923,996,1201,1133
M4,2025-12-11,Onion,1954,1009,1231,1114
M4,2025-12-12,Onion,2477,994,1278,1112
M4,2025-12-13,Onion,2084,1029,1195,1108
M4,2025-12-14,Onion,1867,1017,1185,1077
M4,2025-12-16,Onion,2537,883,1045,986
M4,2025-12-16,Onion,2537,883,1045,986
M4,2025-12-17,Onion,2529,900,1073,1001
M4,2025-12-18,Onion,2555,903,1167,1049
M4,2025-12-19,Onion,1722,908,1194,1061
M4,2025-12-21,Onion,2293,965,1182,1113
M4,2025-12-22,Onion,1713,872,1149,1015
M4,2025-12-23,Onion,1844,957,1204,1081
M4,2025-12-24,Onion,2104,962,1139,1070
M4,2025-12-25,Onion,2517,963,1155,1092
M4,2025-12-26,Onion,2070,1023,1196,1128
M4,2025-12-27,Onion,1873,1033,1257,1098
M4,2025-12-28,Onion,1744,1002,1209,1055
M4,2025-12-29,Onion,2293,1000,1229,1098
M4,2025-12-31,Onion,2511,948,1146,1010
M4,2026-01-01,Onion,2560,839,999,902
M4,2026-01-03,Onion,2643,758,988,880
M4,2026-01-04,Onion,2744,756,924,844
M4,2026-01-05,Onion,2449,871,1018,938
M4,2026-01-06,Onion,2761,846,1059,954
M4,2026-01-07,Onion,2939,816,997,908
M4,2026-01-08,Onion,2036,857,986,911
M4,2026-01-09,Onion,2682,736,923,841
M4,2026-01-10,Onion,2492,752,907,856
M4,2026-01-11,Onion,2525,832,978,893
M4,2026-01-12,Onion,2969,789,981,900
M4,2026-01-13,Onion,3003,801,965,844
M4,2026-01-14,Onion,2356,765,920,823
M4,2026-01-15,Onion,2916,849,1028,895
M4,2026-01-16,Onion,2845,800,1019,906
M4,2026-01-17,Onion,2076,839,997,930
M4,2026-01-19,Onion,2089,833,1006,906
M4,2026-01-20,Onion,2689,729,954,849
M4,2026-01-21,Onion,2589,820,1039,912
M4,2026-01-22,Onion,2308,888,1056,961
M4,2026-01-23,Onion,2316,842,1009,933
M4,2026-01-24,Onion,2397,790,955,851
M4,2026-01-25,Onion,2963,765,945,838
M4,2026-01-26,Onion,2031,772,904,848
M4,2026-01-28,Onion,2876,761,974,858
M4,2026-01-30,Onion,2536,785,967,911
M4,2026-01-31,Onion,2830,788,1037,910
M4,2026-02-02,Onion,3177,805,904,849
M4,2026-02-04,Onion,2201,729,975,854
M4,2026-02-05,Onion,2679,749,975,852
M4,2026-02-06,Onion,2468,830,964,889
M4,2026-02-08,Onion,3096,845,971,896
M4,2026-02-09,Onion,2492,821,976,900
M4,2026-02-10,Onion,2579,751,938,860
M4,2026-02-11,Onion,2649,677,825,770
M4,2026-02-12,Onion,2167,835,933,881
M4,2026-02-13,Onion,3040,760,922,830
M4,2026-02-14,Onion,2691,784,973,859
M4,2026-02-16,Onion,3193,692,901,788
M4,2026-02-17,Onion,2508,761,905,860
M4,2026-02-18,Onion,2962,769,989,897
M4,2026-02-19,Onion,2814,814,962,894
M4,2026-02-20,Onion,2387,821,923,872
M4,2026-02-21,Onion,3103,755,969,846
M4,2026-02-22,Onion,3212,762,953,869
M4,2026-02-23,Onion,3033,715,849,782
M4,2026-02-25,Onion,2779,736,849,797
M4,2026-02-26,Onion,2510,780,873,821
M4,2026-02-27,Onion,2295,823,986,868
M4,2026-02-28,Onion,2971,777,1013,899
M4,2026-03-01,Onion,2452,891,1071,951
M4,2026-03-02,Onion,2682,830,1040,957
M4,2026-03-03,Onion,2424,822,991,895
M4,2026-03-03,Onion,2424,822,991,895
M4,2026-03-04,Onion,2497,762,954,836
M4,2026-03-05,Onion,2350,832,1084,965
M4,2026-03-07,Onion,2189,810,994,875
M4,2026-03-08,Onion,2725,881,1088,965
M4,2026-03-09,Onion,2600,795,1044,924
M4,2026-03-11,Onion,2557,823,964,903
M4,2026-03-13,Onion,2841,776,966,903
M4,2026-03-14,Onion,2456,782,953,855
M4,2026-03-15,Onion,2668,862,978,919
M4,2026-03-16,Onion,2159,732,924,845
M4,2026-03-17,Onion,2417,859,990,929
M4,2026-03-18,Onion,2963,898,1108,968
M4,2026-03-19,Onion,2300,819,1022,913
M4,2026-03-20,Onion,2099,764,958,864
M4,2026-03-22,Onion,2373,738,915,851
M4,2026-03-23,Onion,2563,754,970,864
M4,2026-03-24,Onion,2948,812,979,878
M4,2026-03-25,Onion,2286,826,1057,957
M4,2026-03-26,Onion,2941,794,965,890
M4,2026-03-28,Onion,2046,739,963,850
M4,2026-03-30,Onion,2955,750,954,866
M4,2026-04-02,Onion,2352,1009,1144,1065
M4,2026-04-03,Onion,1750,948,1136,1000
M4,2026-04-05,Onion,1710,957,1212,1063
M4,2026-04-07,Onion,2240,883,1163,1038
M4,2026-04-08,Onion,2001,886,1119,1011
M4,2026-04-09,Onion,2371,916,1204,1061
M4,2026-04-10,Onion,1719,910,1058,992
M4,2026-04-11,Onion,2426,1039,1232,1113
M4,2026-04-12,Onion,1917,1051,1266,1131
M4,2026-04-13,Onion,2074,865,1083,1014
M4,2026-04-16,Onion,1734,924,1193,1058
M4,2026-04-18,Onion,2169,977,1230,1130
M4,2026-04-19,Onion,2206,1001,1145,1074
M4,2026-04-20,Onion,2012,926,1062,998
M4,2026-04-21,Onion,1745,987,1156,1043
M4,2026-04-22,Onion,1946,885,1160,1028
M4,2026-04-23,Onion,1906,995,1292,1131
M4,2026-04-24,Onion,2000,917,1116,1000
M4,2026-04-26,Onion,2138,971,1152,1076
M4,2026-04-27,Onion,2501,1053,1265,1146
M4,2026-04-28,Onion,1973,935,1106,991
M4,2026-04-29,Onion,2295,1051,1249,1118
M4,2026-04-30,Onion,2392,971,1253,1131
M4,2026-05-01,Onion,1439,1223,1431,1289
M4,2026-05-02,Onion,1441,1188,1436,1340
M4,2026-05-03,Onion,1488,1240,1404,1315
M4,2026-05-04,Onion,1469,1184,1538,1342
M4,2026-05-05,Onion,1582,1203,1465,1276
M4,2026-05-06,Onion,1447,1118,1407,1298
M4,2026-05-07,Onion,2002,1114,1364,1211
M4,2026-05-08,Onion,1907,1068,1320,1240
M4,2026-05-09,Onion,1490,1138,1424,1307
M4,2026-05-10,Onion,1565,1057,1327,1212
M4,2026-05-11,Onion,1900,1216,1416,1341
M4,2026-05-13,Onion,1523,1086,1333,1238
M4,2026-05-14,Onion,2055,1158,1343,1242
M4,2026-05-15,Onion,1492,1201,1455,1323
M4,2026-05-16,Onion,1724,1034,1295,1201
M4,2026-05-17,Onion,1436,1256,1472,1374
M4,2026-05-18,Onion,1826,1107,1492,1298
M4,2026-05-21,Onion,1412,1085,1302,1194
M4,2026-05-22,Onion,1540,1263,1519,1333
M4,2026-05-23,Onion,1526,1289,1495,1386
M4,2026-05-24,Onion,1441,1094,1341,1237
M4,2026-05-25,Onion,1711,1127,1404,1323
M4,2026-05-27,Onion,1672,1100,1446,1279
M4,2026-05-28,Onion,1425,1207,1456,1359
M4,2026-05-29,Onion,1659,1139,1399,1261
M4,2026-05-30,Onion,1713,1258,1475,1362
M4,2026-05-31,Onion,1733,1118,1401,1241
M4,2026-06-01,Onion,1636,1301,1701,1529
M4,2026-06-02,Onion,1793,1480,1796,1608
M4,2026-06-04,Onion,1328,1393,1747,1549
M4,2026-06-05,Onion,1776,1238,1547,1428
M4,2026-06-07,Onion,1570,1354,1765,1571
M4,2026-06-09,Onion,1215,1349,1613,1420
M4,2026-06-10,Onion,1667,1405,1589,1511
M4,2026-06-11,Onion,1784,1303,1629,1431
M4,2026-06-13,Onion,1408,1294,1688,1470
M4,2026-06-14,Onion,1554,1270,1642,1483
M4,2026-06-16,Onion,1593,1435,1832,1637
M4,2026-06-18,Onion,1384,1410,1658,1554
M4,2026-06-19,Onion,1450,1399,1823,1599
M4,2026-06-20,Onion,1641,1514,1869,1629
M4,2026-06-21,Onion,1440,1395,1658,1509
M4,2026-06-22,Onion,1307,1471,1669,1554
M4,2026-06-23,Onion,1554,1289,1730,1515
M4,2026-06-24,Onion,1276,1262,1502,1423
M4,2026-06-25,Onion,1394,1380,1673,1504
M5,2024-01-01,Onion,2406,860,1019,914
M5,2024-01-02,Onion,2683,779,934,853
M5,2024-01-03,Onion,3094,808,1048,928
M5,2024-01-04,Onion,2464,820,1040,950
M5,2024-01-06,Onion,3099,862,1069,999
M5,2024-01-08,Onion,2362,807,964,862
M5,2024-01-09,Onion,2616,907,1033,982
M5,2024-01-10,Onion,2964,859,1039,968
M5,2024-01-11,Onion,2734,791,979,897
M5,2024-01-12,Onion,2683,814,993,936
M5,2024-01-13,Onion,2439,881,1097,992
M5,2024-01-14,Onion,3200,854,1041,958
M5,2024-01-15,Onion,2392,829,1021,910
M5,2024-01-18,Onion,3033,799,982,935
M5,2024-01-19,Onion,2945,814,981,866
M5,2024-01-20,Onion,2915,915,1115,974
M5,2024-01-23,Onion,2936,876,1132,997
M5,2024-01-24,Onion,3164,758,969,865
M5,2024-01-25,Onion,2657,821,1024,924
M5,2024-01-26,Onion,2673,761,971,884
M5,2024-01-28,Onion,3240,835,964,908
M5,2024-01-29,Onion,3249,848,1022,911
M5,2024-01-30,Onion,2323,757,919,861
M5,2024-01-31,Onion,3262,765,997,868
M5,2024-02-01,Onion,3456,803,960,907
M5,2024-02-02,Onion,2525,757,934,884
M5,2024-02-03,Onion,3217,697,925,819
M5,2024-02-04,Onion,2403,769,903,826
M5,2024-02-06,Onion,2474,829,983,894
M5,2024-02-07,Onion,2426,802,1039,935
M5,2024-02-08,Onion,2797,772,978,903
M5,2024-02-10,Onion,3388,824,994,912
M5,2024-02-12,Onion,2584,808,940,880
M5,2024-02-13,Onion,3304,819,979,871
M5,2024-02-13,Onion,3304,819,979,871
M5,2024-02-14,Onion,2698,747,913,827
M5,2024-02-15,Onion,3038,863,1024,936
M5,2024-02-16,Onion,2587,744,933,841
M5,2024-02-17,Onion,2614,714,947,833
M5,2024-02-18,Onion,2868,754,928,830
M5,2024-02-22,Onion,2882,819,947,892
M5,2024-02-23,Onion,2650,778,982,887
M5,2024-02-24,Onion,3269,821,1002,909
M5,2024-02-25,Onion,3358,779,1014,884
M5,2024-02-26,Onion,2768,703,915,814
M5,2024-02-28,Onion,2595,803,915,864
M5,2024-02-29,Onion,3257,787,912,859
M5,2024-03-01,Onion,2532,838,1080,945
M5,2024-03-03,Onion,2303,819,1004,941
M5,2024-03-04,Onion,2662,912,1044,974
M5,2024-03-05,Onion,2209,864,1027,924
M5,2024-03-06,Onion,2236,822,1049,915
M5,2024-03-07,Onion,2276,895,1088,977
M5,2024-03-08,Onion,3200,797,930,879
M5,2024-03-09,Onion,2530,888,1104,993
M5,2024-03-10,Onion,2193,772,995,904
M5,2024-03-11,Onion,2326,847,970,895
M5,2024-03-12,Onion,2693,831,990,880
M5,2024-03-13,Onion,2374,861,1085,986
M5,2024-03-14,Onion,2576,839,1029,896
M5,2024-03-15,Onion,2838,792,999,896
M5,2024-03-16,Onion,2447,848,1048,968
M5,2024-03-21,Onion,2749,907,1035,959
M5,2024-03-23,Onion,3136,875,1105,1000
M5,2024-03-24,Onion,2798,744,982,860
M5,2024-03-26,Onion,3137,925,1086,994
M5,2024-03-27,Onion,3052,805,942,864
M5,2024-03-28,Onion,2360,810,963,880
M5,2024-03-29,Onion,2833,907,1050,956
M5,2024-03-30,Onion,2899,783,1006,901
M5,2024-03-31,Onion,2335,842,1046,966
M5,2024-04-02,Onion,2759,946,1139,1059
M5,2024-04-03,Onion,2280,905,1121,1025
M5,2024-04-04,Onion,2316,894,1089,1030
M5,2024-04-05,Onion,2722,987,1146,1073
M5,2024-04-06,Onion,2051,921,1211,1071
M5,2024-04-07,Onion,2559,1064,1272,1175
M5,2024-04-08,Onion,2601,948,1177,1042
M5,2024-04-09,Onion,2512,991,1235,1159
M5,2024-04-10,Onion,2373,1091,1278,1153
M5,2024-04-11,Onion,2357,1038,1229,1127
M5,2024-04-12,Onion,1871,930,1104,1018
M5,2024-04-13,Onion,2159,990,1176,1047
M5,2024-04-14,Onion,2759,906,1132,1053
M5,2024-04-16,Onion,2057,1056,1293,1180
M5,2024-04-17,Onion,2667,974,1309,1140
M5,2024-04-18,Onion,2011,982,1217,1077
M5,2024-04-18,Onion,2011,982,1217,1077
M5,2024-04-19,Onion,2759,1016,1221,1116
M5,2024-04-20,Onion,2700,928,1142,1030
M5,2024-04-21,Onion,2172,894,1161,1020
M5,2024-04-22,Onion,2425,976,1248,1108
M5,2024-04-25,Onion,2564,1031,1301,1150
M5,2024-04-26,Onion,2485,917,1142,1030
M5,2024-04-27,Onion,2026,1078,1309,1181
M5,2024-04-28,Onion,2463,977,1217,1109
M5,2024-04-29,Onion,2416,965,1128,1018
M5,2024-04-30,Onion,1936,911,1188,1034
M5,2024-05-01,Onion,1749,1275,1627,1422
M5,2024-05-02,Onion,1597,1175,1500,1330
M5,2024-05-03,Onion,2251,1188,1486,1312
M5,2024-05-04,Onion,1699,1125,1508,1313
M5,2024-05-05,Onion,1800,1307,1613,1404
M5,2024-05-07,Onion,1895,1190,1412,1324
M5,2024-05-08,Onion,1675,1226,1460,1389
M5,2024-05-10,Onion,1943,1223,1492,1405
M5,2024-05-11,Onion,1578,1071,1402,1247
M5,2024-05-13,Onion,1716,1176,1492,1298
M5,2024-05-14,Onion,1966,1167,1427,1253
M5,2024-05-15,Onion,1571,1115,1439,1273
M5,2024-05-16,Onion,2089,1261,1474,1400
M5,2024-05-17,Onion,2009,1181,1434,1332
M5,2024-05-18,Onion,1728,1164,1417,1268
M5,2024-05-19,Onion,1602,1205,1544,1367
M5,2024-05-20,Onion,1620,1276,1497,1363
M5,2024-05-21,Onion,2115,1173,1417,1265
M5,2024-05-22,Onion,1539,1245,1518,1327
M5,2024-05-23,Onion,2076,1149,1438,1298
M5,2024-05-24,Onion,1651,1168,1308,1243
M5,2024-05-25,Onion,1815,1354,1592,1447
M5,2024-05-26,Onion,2229,1119,1425,1293
M5,2024-05-28,Onion,2065,1265,1643,1442
M5,2024-05-29,Onion,2133,1275,1502,1423
M5,2024-05-30,Onion,2200,1195,1395,1308
M5,2024-06-01,Onion,1642,1353,1547,1455
M5,2024-06-03,Onion,1734,1261,1595,1454
M5,2024-06-03,Onion,1734,1261,1595,1454
M5,2024-06-04,Onion,1650,1491,1785,1634
M5,2024-06-05,Onion,1390,1516,1704,1604
M5,2024-06-07,Onion,1908,1400,1700,1502
M5,2024-06-08,Onion,1390,1413,1736,1631
M5,2024-06-11,Onion,1331,1350,1708,1549
M5,2024-06-13,Onion,1678,1445,1785,1598
M5,2024-06-14,Onion,1417,1409,1858,1624
M5,2024-06-15,Onion,1370,1544,1861,1700
M5,2024-06-16,Onion,1552,1422,1877,1644
M5,2024-06-17,Onion,1780,1379,1790,1564
M5,2024-06-19,Onion,1827,1417,1720,1618
M5,2024-06-20,Onion,1934,1573,1909,1672
M5,2024-06-21,Onion,1793,1433,1766,1654
M5,2024-06-22,Onion,1314,1408,1725,1566
M5,2024-06-23,Onion,1800,1416,1706,1584
M5,2024-06-24,Onion,1868,1557,1789,1641
M5,2024-06-24,Onion,1868,1557,1789,1641
M5,2024-06-25,Onion,1294,1504,1748,1591
M5,2024-06-26,Onion,1785,1464,1680,1548
M5,2024-06-27,Onion,1763,1593,1831,1693
M5,2024-06-28,Onion,1437,1338,1730,1536
M5,2024-06-30,Onion,1935,1487,1874,1635
M5,2024-07-02,Onion,1562,1626,2044,1815
M5,2024-07-03,Onion,1683,1615,2107,1874
M5,2024-07-04,Onion,1256,1617,2035,1788
M5,2024-07-05,Onion,1549,1533,1793,1656
M5,2024-07-06,Onion,1734,1453,1777,1680
M5,2024-07-07,Onion,1203,1677,2088,1875
M5,2024-07-08,Onion,1338,1522,1846,1740
M5,2024-07-09,Onion,1339,1559,1915,1696
M5,2024-07-10,Onion,1580,1534,1818,1623
M5,2024-07-11,Onion,1597,1679,1999,1862
M5,2024-07-12,Onion,1502,1630,2109,1887
M5,2024-07-13,Onion,1291,1421,1840,1614
M5,2024-07-14,Onion,1578,1700,1925,1830
M5,2024-07-15,Onion,1619,1454,1906,1666
M5,2024-07-16,Onion,1286,1600,1844,1715
M5,2024-07-18,Onion,1630,1511,1998,1772
M5,2024-07-19,Onion,1696,1676,2089,1853
M5,2024-07-20,Onion,1743,1586,1883,1770
M5,2024-07-21,Onion,1446,1586,2059,1857
M5,2024-07-22,Onion,1553,1716,2002,1837
M5,2024-07-25,Onion,1416,1514,1845,1690
M5,2024-07-27,Onion,1392,1396,1805,1630
M5,2024-07-28,Onion,1544,1494,1859,1624
M5,2024-07-29,Onion,1325,1617,1947,1843
M5,2024-08-01,Onion,1564,1492,1863,1720
M5,2024-08-04,Onion,1404,1489,1820,1685
M5,2024-08-06,Onion,1648,1776,2012,1884
M5,2024-08-07,Onion,1512,1605,1833,1718
M5,2024-08-08,Onion,1501,1698,2208,1943
M5,2024-08-09,Onion,1343,1600,1816,1692
M5,2024-08-10,Onion,1573,1691,2075,1892
M5,2024-08-11,Onion,1280,1552,1945,1820
M5,2024-08-12,Onion,1312,1824,2091,1939
M5,2024-08-14,Onion,1272,1673,2095,1829
M5,2024-08-15,Onion,1366,1595,2083,1815
M5,2024-08-16,Onion,1555,1650,1964,1837
M5,2024-08-17,Onion,1462,1782,2175,1893
M5,2024-08-21,Onion,1259,1697,2080,1810
M5,2024-08-22,Onion,1240,1724,1994,1886
M5,2024-08-23,Onion,1639,1465,1781,1687
M5,2024-08-24,Onion,1505,1507,1996,1740
M5,2024-08-25,Onion,1497,1576,2042,1781
M5,2024-08-26,Onion,1375,1835,2185,1949
M5,2024-08-27,Onion,1585,1758,2088,1905
M5,2024-08-28,Onion,1646,1523,1841,1681
M5,2024-08-29,Onion,1129,1585,1816,1710
M5,2024-08-30,Onion,1218,1637,1936,1829
M5,2024-08-31,Onion,1608,1760,2017,1884
M5,2024-09-01,Onion,1454,1584,1963,1857
M5,2024-09-03,Onion,1690,1640,2125,1881
M5,2024-09-04,Onion,1419,1412,1758,1647
M5,2024-09-05,Onion,1607,1677,2017,1816
M5,2024-09-06,Onion,1617,1723,1985,1840
M5,2024-09-07,Onion,1681,1591,1861,1768
M5,2024-09-08,Onion,1573,1469,1847,1716
M5,2024-09-09,Onion,1257,1515,1737,1636
M5,2024-09-10,Onion,1410,1626,1929,1728
M5,2024-09-12,Onion,1514,1539,1951,1755
M5,2024-09-13,Onion,1290,1529,1953,1715
M5,2024-09-14,Onion,1343,1616,1980,1766
M5,2024-09-15,Onion,1749,1539,1932,1790
M5,2024-09-16,Onion,1587,1419,1799,1618
M5,2024-09-17,Onion,1219,1597,1856,1761
M5,2024-09-18,Onion,1368,1702,2027,1829
M5,2024-09-19,Onion,1224,1756,2043,1881
M5,2024-09-20,Onion,1521,1657,1964,1846
M5,2024-09-21,Onion,1550,1622,1955,1839
M5,2024-09-22,Onion,1639,1712,2128,1869
M5,2024-09-23,Onion,1679,1581,1907,1723
M5,2024-09-24,Onion,1563,1451,1753,1621
M5,2024-09-25,Onion,1730,1503,1932,1738
M5,2024-09-26,Onion,1172,1495,1905,1672
M5,2024-09-27,Onion,1272,1602,1925,1731
M5,2024-09-28,Onion,1666,1521,1907,1781
M5,2024-09-29,Onion,1231,1679,2084,1889
M5,2024-10-01,Onion,1490,2257,2969,2647
M5,2024-10-02,Onion,1540,2201,2926,2583
M5,2024-10-03,Onion,1928,2155,2624,2457
M5,2024-10-04,Onion,1553,2274,2626,2469
M5,2024-10-05,Onion,1346,2428,2918,2702
M5,2024-10-06,Onion,1562,2187,2761,2501
M5,2024-10-07,Onion,1315,2122,2856,2495
M5,2024-10-08,Onion,1361,2314,2788,2608
M5,2024-10-09,Onion,1862,2295,3005,2689
M5,2024-10-10,Onion,1343,2545,2969,2712
M5,2024-10-11,Onion,1566,2264,2922,2648
M5,2024-10-12,Onion,1620,2418,3121,2741
M5,2024-10-13,Onion,1897,2559,2994,2740
M5,2024-10-14,Onion,1507,2229,2862,2590
M5,2024-10-15,Onion,1710,2318,2693,2518
M5,2024-10-16,Onion,1622,2224,2727,2521
M5,2024-10-17,Onion,1308,2232,2946,2614
M5,2024-10-18,Onion,1621,2226,2827,2561
M5,2024-10-19,Onion,1758,2492,3001,2643
M5,2024-10-20,Onion,1339,2548,2986,2733
M5,2024-10-21,Onion,1895,1497,1937,1693
M5,2024-10-22,Onion,1697,1525,1862,1687
M5,2024-10-24,Onion,1310,1459,1733,1611
M5,2024-10-26,Onion,1896,1562,1746,1657
M5,2024-10-27,Onion,1797,1442,1654,1540
M5,2024-10-28,Onion,1626,1391,1806,1598
M5,2024-10-30,Onion,1524,1429,1761,1627
M5,2024-10-31,Onion,1915,1444,1750,1665
M5,2024-11-01,Onion,1677,1204,1465,1338
M5,2024-11-03,Onion,2161,1178,1311,1249
M5,2024-11-04,Onion,1823,1314,1542,1406
M5,2024-11-05,Onion,2125,1253,1583,1423
M5,2024-11-06,Onion,2260,1256,1488,1329
M5,2024-11-07,Onion,2076,1182,1459,1276
M5,2024-11-11,Onion,2247,1126,1391,1270
M5,2024-11-12,Onion,1885,1210,1402,1279
M5,2024-11-13,Onion,1647,1097,1429,1270
M5,2024-11-14,Onion,2028,1176,1393,1269
M5,2024-11-16,Onion,1743,1285,1594,1444
M5,2024-11-17,Onion,1956,1192,1435,1326
M5,2024-11-18,Onion,1592,1246,1546,1444
M5,2024-11-19,Onion,1727,1254,1487,1393
M5,2024-11-20,Onion,2158,1310,1484,1384
M5,2024-11-21,Onion,1946,1227,1487,1328
M5,2024-11-22,Onion,2243,1171,1409,1286
M5,2024-11-23,Onion,1858,1233,1477,1386
M5,2024-11-24,Onion,2111,1292,1650,1449
M5,2024-11-25,Onion,1532,1201,1551,1390
M5,2024-11-26,Onion,2222,1148,1401,1263
M5,2024-11-27,Onion,1958,1259,1514,1441
M5,2024-11-28,Onion,2075,1117,1474,1305
M5,2024-11-29,Onion,2035,1182,1379,1301
M5,2024-11-30,Onion,1623,1153,1350,1261
M5,2024-12-01,Onion,1909,1065,1271,1141
M5,2024-12-02,Onion,1972,991,1189,1052
M5,2024-12-02,Onion,1972,991,1189,1052
M5,2024-12-03,Onion,2403,996,1190,1125
M5,2024-12-04,Onion,2131,978,1260,1127
M5,2024-12-05,Onion,2195,997,1231,1154
M5,2024-12-06,Onion,2087,1011,1190,1086
M5,2024-12-07,Onion,2040,1013,1220,1097
M5,2024-12-08,Onion,2370,940,1266,1102
M5,2024-12-09,Onion,2296,1033,1215,1121
M5,2024-12-10,Onion,2513,1103,1300,1168
M5,2024-12-11,Onion,1918,1113,1322,1187
M5,2024-12-12,Onion,2124,898,1085,1033
M5,2024-12-13,Onion,2071,963,1205,1111
M5,2024-12-14,Onion,2041,1012,1298,1159
M5,2024-12-15,Onion,2153,1057,1336,1184
M5,2024-12-16,Onion,2530,990,1220,1071
M5,2024-12-18,Onion,2078,1077,1370,1199
M5,2024-12-19,Onion,2397,917,1122,1039
M5,2024-12-20,Onion,1899,1047,1223,1153
M5,2024-12-21,Onion,1860,1067,1236,1153
M5,2024-12-22,Onion,1891,1030,1292,1134
M5,2024-12-23,Onion,2615,1056,1212,1148
M5,2024-12-24,Onion,2306,1101,1308,1201
M5,2024-12-25,Onion,2166,988,1156,1057
M5,2024-12-26,Onion,2242,1015,1182,1095
M5,2024-12-27,Onion,2156,960,1197,1118
M5,2024-12-29,Onion,2404,958,1185,1109
M5,2024-12-31,Onion,2663,988,1254,1139
M5,2025-01-01,Onion,2263,837,1072,953
M5,2025-01-02,Onion,2679,873,1079,970
M5,2025-01-03,Onion,2448,812,1048,914
M5,2025-01-04,Onion,3184,901,1107,1020
M5,2025-01-05,Onion,3176,916,1077,966
M5,2025-01-06,Onion,2654,928,1063,979
M5,2025-01-07,Onion,2569,881,1041,935
M5,2025-01-08,Onion,3258,853,1074,964
M5,2025-01-09,Onion,2879,890,1087,966
M5,2025-01-10,Onion,3184,927,1130,1011
M5,2025-01-11,Onion,3211,903,1122,1001
M5,2025-01-12,Onion,2204,783,961,888
M5,2025-01-13,Onion,3023,818,978,923
M5,2025-01-14,Onion,2775,871,1048,961
M5,2025-01-15,Onion,2275,910,1116,1005
M5,2025-01-17,Onion,2827,938,1129,997
M5,2025-01-18,Onion,2880,839,1033,947
M5,2025-01-19,Onion,2234,804,1010,880
M5,2025-01-20,Onion,2706,899,1070,987
M5,2025-01-21,Onion,3136,929,1123,1000
M5,2025-01-22,Onion,2955,863,1129,1005
M5,2025-01-23,Onion,2951,765,1015,897
M5,2025-01-24,Onion,2673,841,981,922
M5,2025-01-25,Onion,3251,820,964,876
M5,2025-01-26,Onion,2627,770,994,880
M5,2025-01-27,Onion,3026,805,990,938
M5,2025-01-28,Onion,3021,798,984,931
M5,2025-01-29,Onion,3131,899,1087,982
M5,2025-01-30,Onion,2202,796,1031,903
M5,2025-01-31,Onion,2423,820,1036,954
M5,2025-02-02,Onion,2564,834,961,895
M5,2025-02-03,Onion,2663,804,1077,945
M5,2025-02-04,Onion,3098,823,959,881
M5,2025-02-05,Onion,2979,723,889,840
M5,2025-02-06,Onion,3219,831,1055,946
M5,2025-02-07,Onion,3295,825,1018,923
M5,2025-02-08,Onion,2944,801,980,907
M5,2025-02-09,Onion,3483,841,973,915
M5,2025-02-11,Onion,2486,813,1039,937
M5,2025-02-12,Onion,3393,755,976,853
M5,2025-02-13,Onion,2909,796,920,871
M5,2025-02-14,Onion,2563,847,1066,950
M5,2025-02-15,Onion,2361,810,950,883
M5,2025-02-16,Onion,3504,829,1024,954
M5,2025-02-17,Onion,2999,816,1046,911
M5,2025-02-18,Onion,2934,853,1005,901
M5,2025-02-19,Onion,2727,781,943,836
M5,2025-02-20,Onion,2861,851,1060,951
M5,2025-02-22,Onion,3360,741,933,850
M5,2025-02-22,Onion,3360,741,933,850
M5,2025-02-23,Onion,3141,795,958,884
M5,2025-02-24,Onion,3377,856,1072,934
M5,2025-02-26,Onion,2589,855,960,903
M5,2025-02-28,Onion,2898,811,1006,931
M5,2025-03-01,Onion,2216,793,982,927
M5,2025-03-02,Onion,2620,851,1029,955
M5,2025-03-03,Onion,2590,843,998,924
M5,2025-03-04,Onion,3135,893,1014,955
M5,2025-03-05,Onion,3054,849,989,920
M5,2025-03-06,Onion,2717,836,1025,948
M5,2025-03-07,Onion,2887,800,965,886
M5,2025-03-08,Onion,3068,789,1000,908
M5,2025-03-10,Onion,2594,853,1093,984
M5,2025-03-12,Onion,2908,881,1169,1023
M5,2025-03-13,Onion,3131,779,946,878
M5,2025-03-14,Onion,3193,912,1143,1022
M5,2025-03-15,Onion,3153,915,1154,1021
M5,2025-03-16,Onion,3201,812,1031,911
M5,2025-03-17,Onion,2641,852,1046,965
M5,2025-03-18,Onion,2414,871,1153,1018
M5,2025-03-19,Onion,2646,824,1040,925
M5,2025-03-20,Onion,2479,834,991,886
M5,2025-03-21,Onion,2521,820,1012,913
M5,2025-03-22,Onion,2736,857,1107,991
M5,2025-03-24,Onion,3190,912,1085,964
M5,2025-03-25,Onion,2747,844,1089,967
M5,2025-03-26,Onion,2641,895,1109,974
M5,2025-03-27,Onion,2657,860,1044,953
M5,2025-03-28,Onion,3245,850,1027,955
M5,2025-03-29,Onion,2610,932,1172,1024
M5,2025-03-30,Onion,2929,912,1073,990
M5,2025-03-31,Onion,3219,804,1062,944
M5,2025-04-02,Onion,2379,1080,1312,1172
M5,2025-04-03,Onion,2622,1108,1270,1177
M5,2025-04-04,Onion,2251,904,1151,1060
M5,2025-04-05,Onion,2145,1055,1276,1129
M5,2025-04-06,Onion,2266,973,1133,1074
M5,2025-04-07,Onion,2679,983,1246,1085
M5,2025-04-08,Onion,2698,1043,1255,1191
M5,2025-04-09,Onion,2341,1071,1350,1209
M5,2025-04-10,Onion,2263,1048,1361,1207
M5,2025-04-11,Onion,1908,946,1143,1045
M5,2025-04-12,Onion,1961,1050,1310,1157
M5,2025-04-14,Onion,1884,1014,1170,1086
M5,2025-04-15,Onion,2173,1005,1159,1075
M5,2025-04-16,Onion,2416,950,1242,1107
M5,2025-04-17,Onion,2481,1060,1387,1207
M5,2025-04-18,Onion,1874,1036,1268,1138
M5,2025-04-20,Onion,2050,967,1205,1119
M5,2025-04-21,Onion,2068,995,1159,1052
M5,2025-04-22,Onion,2274,1093,1271,1163
M5,2025-04-23,Onion,2186,991,1238,1126
M5,2025-04-24,Onion,2077,981,1238,1138
M5,2025-04-25,Onion,2571,1137,1350,1213
M5,2025-04-27,Onion,2154,1047,1214,1112
M5,2025-04-28,Onion,2055,989,1273,1145
M5,2025-04-29,Onion,1880,1049,1311,1147
M5,2025-04-30,Onion,2190,915,1212,1074
M5,2025-05-01,Onion,1604,1191,1469,1343
M5,2025-05-02,Onion,2179,1374,1653,1471
M5,2025-05-03,Onion,1918,1243,1484,1355
M5,2025-05-04,Onion,2189,1131,1431,1327
M5,2025-05-07,Onion,1749,1196,1473,1347
M5,2025-05-08,Onion,1816,1346,1570,1421
M5,2025-05-09,Onion,2125,1296,1585,1392
M5,2025-05-11,Onion,1593,1242,1578,1422
M5,2025-05-12,Onion,2206,1263,1584,1435
M5,2025-05-13,Onion,2069,1228,1381,1304
M5,2025-05-14,Onion,2053,1262,1524,1355
M5,2025-05-15,Onion,1783,1201,1508,1412
M5,2025-05-16,Onion,1990,1308,1472,1393
M5,2025-05-18,Onion,2190,1337,1620,1451
M5,2025-05-20,Onion,1745,1244,1555,1361
M5,2025-05-21,Onion,1622,1211,1410,1292
M5,2025-05-22,Onion,2158,1215,1449,1310
M5,2025-05-23,Onion,2062,1228,1514,1408
M5,2025-05-24,Onion,1866,1254,1552,1353
M5,2025-05-25,Onion,2236,1162,1478,1323
M5,2025-05-26,Onion,2205,1149,1494,1338
M5,2025-05-30,Onion,1977,1344,1563,1467
M5,2025-05-31,Onion,2227,1112,1445,1299
M5,2025-06-01,Onion,1515,1572,1968,1713
M5,2025-06-02,Onion,1880,1271,1665,1489
M5,2025-06-03,Onion,1298,1297,1595,1498
M5,2025-06-04,Onion,1728,1589,1842,1706
M5,2025-06-05,Onion,1352,1582,1821,1685
M5,2025-06-06,Onion,1492,1526,1738,1617
M5,2025-06-07,Onion,1680,1333,1713,1515
M5,2025-06-08,Onion,1616,1386,1775,1601
M5,2025-06-09,Onion,1683,1331,1712,1500
M5,2025-06-11,Onion,1677,1428,1727,1541
M5,2025-06-12,Onion,1875,1475,1945,1729
M5,2025-06-13,Onion,1323,1382,1652,1517
M5,2025-06-14,Onion,1567,1519,1807,1676
M5,2025-06-15,Onion,1596,1504,1882,1684
M5,2025-06-16,Onion,1892,1513,1812,1657
M5,2025-06-17,Onion,1855,1331,1704,1512
M5,2025-06-18,Onion,1350,1531,1813,1620
M5,2025-06-20,Onion,1906,1429,1793,1616
M5,2025-06-22,Onion,1561,1308,1712,1510
M5,2025-06-23,Onion,1807,1368,1599,1519
M5,2025-06-24,Onion,1309,1408,1734,1588
M5,2025-06-25,Onion,1709,1464,1745,1611
M5,2025-06-26,Onion,1885,1480,1810,1716
M5,2025-06-27,Onion,1632,1328,1641,1486
M5,2025-06-28,Onion,1397,1481,1742,1580
M5,2025-06-30,Onion,1650,1309,1633,1530
M5,2025-07-02,Onion,1182,1555,1906,1779
M5,2025-07-03,Onion,1668,1673,2053,1872
M5,2025-07-04,Onion,1382,1767,2142,1880
M5,2025-07-05,Onion,1264,1703,2037,1794
M5,2025-07-06,Onion,1365,1521,1959,1732
M5,2025-07-07,Onion,1544,1663,1967,1847
M5,2025-07-08,Onion,1591,1586,1928,1733
M5,2025-07-09,Onion,1325,1455,1948,1709
M5,2025-07-10,Onion,1364,1767,2096,1905
M5,2025-07-11,Onion,1366,1631,1905,1743
M5,2025-07-12,Onion,1553,1739,2089,1883
M5,2025-07-13,Onion,1548,1778,2163,1919
M5,2025-07-14,Onion,1269,1618,1895,1705
M5,2025-07-15,Onion,1665,1639,2092,1855
M5,2025-07-16,Onion,1686,1607,2083,1888
M5,2025-07-17,Onion,1455,1611,1932,1729
M5,2025-07-18,Onion,1204,1698,2078,1814
M5,2025-07-19,Onion,1276,1478,1906,1666
M5,2025-07-20,Onion,1192,1684,1923,1824
M5,2025-07-21,Onion,1326,1625,2162,1910
M5,2025-07-22,Onion,1534,1575,1928,1831
M5,2025-07-23,Onion,1664,1668,2004,1866
M5,2025-07-24,Onion,1268,1567,1894,1767
M5,2025-07-25,Onion,1670,1649,1981,1869
M5,2025-07-27,Onion,1385,1749,2151,1881
M5,2025-07-28,Onion,1540,1625,2022,1901
M5,2025-07-29,Onion,1666,1585,1981,1847
M5,2025-08-01,Onion,1133,1765,2135,1925
M5,2025-08-02,Onion,1416,1749,2123,1996
M5,2025-08-04,Onion,1524,1649,2082,1904
M5,2025-08-05,Onion,1616,1729,2028,1878
M5,2025-08-06,Onion,1282,1730,2160,1969
M5,2025-08-07,Onion,1360,1760,2144,1895
M5,2025-08-08,Onion,1210,1733,2219,1959
M5,2025-08-09,Onion,1387,1788,2178,1925
M5,2025-08-10,Onion,1132,2349,2997,2694
M5,2025-08-11,Onion,1642,2447,2935,2623
M5,2025-08-12,Onion,1504,2332,2654,2479
M5,2025-08-13,Onion,1468,2088,2516,2392
M5,2025-08-14,Onion,1250,2335,2885,2718
M5,2025-08-15,Onion,1447,2298,2781,2543
M5,2025-08-16,Onion,1410,2289,2835,2477
M5,2025-08-18,Onion,1650,2533,3044,2773
M5,2025-08-19,Onion,1209,2372,2892,2717
M5,2025-08-20,Onion,1171,2619,3092,2772
M5,2025-08-21,Onion,1608,2220,2792,2603
M5,2025-08-23,Onion,1251,2225,2678,2516
M5,2025-08-24,Onion,1246,2568,3059,2728
M5,2025-08-25,Onion,1243,2307,2635,2463
M5,2025-08-26,Onion,1160,1589,1873,1744
M5,2025-08-27,Onion,1141,1699,2074,1913
M5,2025-08-28,Onion,1647,1573,2037,1815
M5,2025-08-31,Onion,1427,1526,1938,1790
M5,2025-09-02,Onion,1580,1612,1973,1796
M5,2025-09-03,Onion,1508,1589,1956,1814
M5,2025-09-04,Onion,1540,1804,2182,1919
M5,2025-09-05,Onion,1609,1504,1923,1689
M5,2025-09-06,Onion,1292,1467,1790,1675
M5,2025-09-07,Onion,1614,1497,1910,1697
M5,2025-09-08,Onion,1486,1628,1838,1732
M5,2025-09-09,Onion,1553,1831,2036,1929
M5,2025-09-10,Onion,1604,1543,1938,1687
M5,2025-09-11,Onion,1246,1614,1980,1767
M5,2025-09-14,Onion,1614,1712,2069,1913
M5,2025-09-15,Onion,1685,1600,1942,1749
M5,2025-09-17,Onion,1298,1590,1925,1704
M5,2025-09-18,Onion,1607,1490,1812,1707
M5,2025-09-19,Onion,1201,1559,1849,1665
M5,2025-09-20,Onion,1266,1531,1827,1655
M5,2025-09-21,Onion,1195,1530,1922,1718
M5,2025-09-22,Onion,1564,1626,1946,1786
M5,2025-09-23,Onion,1399,1525,1826,1691
M5,2025-09-24,Onion,1635,1689,2023,1820
M5,2025-09-25,Onion,1697,1557,1943,1708
M5,2025-09-26,Onion,1712,1663,2086,1876
M5,2025-09-27,Onion,1633,1628,1901,1762
M5,2025-09-28,Onion,1431,1621,2083,1889
M5,2025-09-29,Onion,1405,1523,1796,1696
M5,2025-09-30,Onion,1422,1537,1883,1769
M5,2025-10-01,Onion,1884,1571,1836,1656
M5,2025-10-02,Onion,1770,1376,1740,1614
M5,2025-10-03,Onion,1766,1543,1959,1736
M5,2025-10-05,Onion,1390,1498,1728,1608
M5,2025-10-06,Onion,1436,1437,1846,1683
M5,2025-10-07,Onion,1433,1430,1731,1542
M5,2025-10-09,Onion,1723,1493,1839,1684
M5,2025-10-11,Onion,1874,1382,1748,1606
M5,2025-10-12,Onion,1602,1427,1840,1637
M5,2025-10-14,Onion,1705,1519,1830,1695
M5,2025-10-15,Onion,1935,1347,1703,1578
M5,2025-10-16,Onion,1787,1533,1869,1686
M5,2025-10-17,Onion,1842,1502,1984,1747
M5,2025-10-18,Onion,1687,1427,1829,1671
M5,2025-10-20,Onion,1541,1597,1987,1746
M5,2025-10-21,Onion,1442,1512,1828,1704
M5,2025-10-22,Onion,1305,1483,1731,1594
M5,2025-10-24,Onion,1420,1370,1715,1520
M5,2025-10-26,Onion,1807,1579,1814,1727
M5,2025-10-27,Onion,1930,1478,1833,1645
M5,2025-10-28,Onion,1733,1447,1849,1678
M5,2025-10-29,Onion,1462,1500,1766,1598
M5,2025-10-29,Onion,1462,1500,1766,1598
M5,2025-10-30,Onion,1387,1539,1747,1636
M5,2025-10-31,Onion,1922,1429,1698,1603
M5,2025-11-01,Onion,1831,1184,1487,1364
M5,2025-11-02,Onion,1685,1243,1429,1335
M5,2025-11-03,Onion,2031,1341,1564,1486
M5,2025-11-05,Onion,1579,1305,1576,1465
M5,2025-11-06,Onion,1745,1327,1683,1484
M5,2025-11-07,Onion,2036,1358,1683,1479
M5,2025-11-08,Onion,1876,1145,1490,1340
M5,2025-11-09,Onion,1768,1171,1552,1355
M5,2025-11-10,Onion,1878,1193,1503,1325
M5,2025-11-11,Onion,1892,1303,1474,1389
M5,2025-11-14,Onion,1825,1296,1448,1373
M5,2025-11-16,Onion,2052,1167,1409,1325
M5,2025-11-18,Onion,1542,1154,1397,1310
M5,2025-11-19,Onion,1661,1300,1517,1425
M5,2025-11-21,Onion,2011,1271,1603,1491
M5,2025-11-22,Onion,1773,1278,1564,1444
M5,2025-11-23,Onion,1835,1236,1454,1356
M5,2025-11-24,Onion,2149,1229,1433,1342
M5,2025-11-25,Onion,1801,1373,1544,1449
M5,2025-11-26,Onion,2203,1154,1404,1313
M5,2025-11-28,Onion,1900,1161,1445,1310
M5,2025-11-29,Onion,1963,1333,1531,1403
M5,2025-11-30,Onion,1950,1131,1470,1296
M5,2025-12-01,Onion,2298,1057,1238,1154
M5,2025-12-02,Onion,1892,1157,1371,1223
M5,2025-12-03,Onion,2697,961,1172,1106
M5,2025-12-04,Onion,2411,1027,1286,1203
M5,2025-12-05,Onion,2504,999,1257,1109
M5,2025-12-06,Onion,2008,1021,1198,1094
M5,2025-12-07,Onion,2268,1097,1302,1184
M5,2025-12-08,Onion,2075,1037,1348,1207
M5,2025-12-09,Onion,2556,1083,1358,1214
M5,2025-12-10,Onion,1955,991,1254,1165
M5,2025-12-11,Onion,1855,1009,1203,1074
M5,2025-12-12,Onion,2188,1025,1248,1115
M5,2025-12-13,Onion,1904,992,1292,1137
M5,2025-12-15,Onion,2207,1029,1330,1167
M5,2025-12-16,Onion,2421,916,1211,1064
M5,2025-12-17,Onion,2005,1053,1281,1207
M5,2025-12-18,Onion,2746,1003,1206,1077
M5,2025-12-19,Onion,2144,975,1186,1058
M5,2025-12-20,Onion,2750,965,1225,1119
M5,2025-12-21,Onion,2613,1008,1214,1121
M5,2025-12-22,Onion,2021,997,1236,1083
M5,2025-12-23,Onion,2610,1128,1365,1196
M5,2025-12-24,Onion,1963,1040,1218,1155
M5,2025-12-26,Onion,1870,1109,1366,1210
M5,2025-12-27,Onion,2737,1029,1272,1144
M5,2025-12-28,Onion,2015,1002,1213,1142
M5,2025-12-29,Onion,2463,1103,1282,1162
M5,2025-12-30,Onion,2506,983,1301,1141
M5,2025-12-31,Onion,2234,1076,1274,1136
M5,2026-01-01,Onion,3139,878,1093,952
M5,2026-01-03,Onion,3200,947,1185,1040
M5,2026-01-04,Onion,2317,778,1032,911
M5,2026-01-05,Onion,2300,842,1032,948
M5,2026-01-06,Onion,3003,855,1038,982
M5,2026-01-07,Onion,2870,901,1081,981
M5,2026-01-07,Onion,2870,901,1081,981
M5,2026-01-08,Onion,2867,812,983,920
M5,2026-01-09,Onion,2571,941,1048,994
M5,2026-01-10,Onion,3146,884,1103,971
M5,2026-01-11,Onion,3118,895,1062,1007
M5,2026-01-12,Onion,2757,909,1065,961
M5,2026-01-13,Onion,3151,901,1103,972
M5,2026-01-15,Onion,2219,917,1114,1004
M5,2026-01-16,Onion,3245,820,1009,908
M5,2026-01-18,Onion,2392,866,1093,959
M5,2026-01-19,Onion,3238,777,954,891
M5,2026-01-20,Onion,2558,867,1060,957
M5,2026-01-21,Onion,3029,852,1011,903
M5,2026-01-23,Onion,3185,817,1027,946
M5,2026-01-24,Onion,2884,880,976,928
M5,2026-01-25,Onion,2374,828,1076,963
M5,2026-01-26,Onion,3184,885,1084,1006
M5,2026-01-27,Onion,2340,829,1027,942
M5,2026-01-28,Onion,3088,773,944,899
M5,2026-01-29,Onion,2814,890,1033,963
M5,2026-01-30,Onion,2285,828,1076,940
M5,2026-01-31,Onion,2368,900,1098,1022
M5,2026-02-01,Onion,2670,822,925,872
M5,2026-02-02,Onion,3464,917,1100,966
M5,2026-02-03,Onion,2806,766,948,873
M5,2026-02-04,Onion,2617,782,917,831
M5,2026-02-05,Onion,2851,791,970,890
M5,2026-02-06,Onion,3122,800,965,901
M5,2026-02-08,Onion,2813,874,1001,936
M5,2026-02-09,Onion,2340,834,1058,924
M5,2026-02-11,Onion,2940,793,892,845
M5,2026-02-12,Onion,2605,848,1001,930
M5,2026-02-13,Onion,2694,792,939,862
M5,2026-02-14,Onion,2943,783,960,902
M5,2026-02-15,Onion,3006,830,997,888
M5,2026-02-16,Onion,2912,876,996,927
M5,2026-02-17,Onion,3174,833,1020,915
M5,2026-02-19,Onion,2422,857,1070,963
M5,2026-02-21,Onion,2513,847,1082,947
M5,2026-02-22,Onion,3060,853,993,931
M5,2026-02-23,Onion,3020,775,1022,891
M5,2026-02-24,Onion,2521,829,1072,938
M5,2026-02-25,Onion,3039,749,934,854
M5,2026-02-26,Onion,2649,767,977,873
M5,2026-02-27,Onion,3356,762,972,891
M5,2026-02-28,Onion,2525,748,909,834
M5,2026-03-01,Onion,2570,957,1097,1038
M5,2026-03-02,Onion,2409,885,1095,1007
M5,2026-03-03,Onion,2696,830,1043,924
M5,2026-03-04,Onion,2365,926,1160,1028
M5,2026-03-05,Onion,2879,921,1139,993
M5,2026-03-06,Onion,2646,833,1043,968
M5,2026-03-07,Onion,2684,929,1132,1020
M5,2026-03-08,Onion,2261,899,1158,1020
M5,2026-03-09,Onion,2680,816,971,917
M5,2026-03-10,Onion,2696,927,1040,977
M5,2026-03-11,Onion,2471,830,1053,968
M5,2026-03-12,Onion,2603,975,1152,1036
M5,2026-03-13,Onion,2765,903,1095,1012
M5,2026-03-15,Onion,2321,806,1038,945
M5,2026-03-16,Onion,2708,829,1101,962
M5,2026-03-19,Onion,2391,857,1141,993
M5,2026-03-20,Onion,2259,927,1098,995
M5,2026-03-21,Onion,2401,802,978,912
M5,2026-03-23,Onion,2573,831,1011,894
M5,2026-03-24,Onion,3193,882,1155,1021
M5,2026-03-25,Onion,3083,836,1012,900
M5,2026-03-26,Onion,3014,843,1095,990
M5,2026-03-27,Onion,2465,831,1048,915
M5,2026-03-28,Onion,2738,842,1113,972
M5,2026-03-31,Onion,2619,923,1062,1007
M5,2026-04-01,Onion,2010,1151,1300,1227
M5,2026-04-02,Onion,2661,1144,1355,1222
M5,2026-04-03,Onion,1944,1059,1304,1143
M5,2026-04-04,Onion,2486,1129,1348,1193
M5,2026-04-06,Onion,2716,974,1221,1096
M5,2026-04-07,Onion,2272,958,1151,1091
M5,2026-04-09,Onion,2530,1000,1237,1141
M5,2026-04-10,Onion,1942,1072,1317,1214
M5,2026-04-12,Onion,2745,930,1115,1056
M5,2026-04-13,Onion,1867,1052,1301,1134
M5,2026-04-14,Onion,2416,1104,1341,1180
M5,2026-04-15,Onion,2259,1033,1231,1097
M5,2026-04-16,Onion,2487,1124,1357,1190
M5,2026-04-18,Onion,2418,1095,1263,1169
M5,2026-04-19,Onion,1939,1059,1309,1204
M5,2026-04-20,Onion,2345,1072,1382,1223
M5,2026-04-21,Onion,2050,1007,1242,1112
M5,2026-04-22,Onion,2186,1134,1311,1208
M5,2026-04-23,Onion,2577,1087,1342,1214
M5,2026-04-24,Onion,2374,1081,1303,1188
M5,2026-04-26,Onion,2440,925,1210,1072
M5,2026-04-27,Onion,2730,998,1305,1145
M5,2026-04-28,Onion,2559,1053,1342,1170
M5,2026-04-29,Onion,2468,1024,1278,1153
M5,2026-04-30,Onion,2333,1072,1283,1148
M5,2026-05-01,Onion,1961,1153,1492,1340
M5,2026-05-02,Onion,2157,1252,1642,1453
M5,2026-05-03,Onion,1735,1285,1598,1464
M5,2026-05-06,Onion,1658,1328,1620,1457
M5,2026-05-07,Onion,1865,1379,1627,1453
M5,2026-05-08,Onion,2136,1172,1413,1320
M5,2026-05-10,Onion,1751,1245,1536,1396
M5,2026-05-13,Onion,1987,1216,1540,1405
M5,2026-05-14,Onion,2005,1302,1549,1412
M5,2026-05-16,Onion,1680,1370,1655,1493
M5,2026-05-17,Onion,2187,1196,1466,1347
M5,2026-05-20,Onion,1818,1353,1588,1437
M5,2026-05-22,Onion,2048,1231,1489,1366
M5,2026-05-23,Onion,1635,1141,1487,1323
M5,2026-05-24,Onion,1783,1367,1698,1489
M5,2026-05-25,Onion,1726,1195,1384,1308
M5,2026-05-27,Onion,1520,1326,1677,1493
M5,2026-05-28,Onion,2222,1126,1497,1321
M5,2026-05-29,Onion,2121,1313,1569,1388
M5,2026-05-30,Onion,1984,1263,1546,1461
M5,2026-06-01,Onion,1744,1420,1810,1577
M5,2026-06-02,Onion,1295,1541,1856,1667
M5,2026-06-03,Onion,1821,1377,1717,1601
M5,2026-06-04,Onion,1914,1467,1762,1551
M5,2026-06-05,Onion,1311,1311,1731,1524
M5,2026-06-06,Onion,1892,1621,1928,1737
M5,2026-06-07,Onion,1636,1493,1875,1742
M5,2026-06-07,Onion,1636,1493,1875,1742
M5,2026-06-08,Onion,1387,1568,1842,1705
M5,2026-06-09,Onion,1489,1471,1826,1689
M5,2026-06-10,Onion,1532,1455,1774,1630
M5,2026-06-11,Onion,1437,1477,1672,1557
M5,2026-06-12,Onion,1886,1428,1675,1511
M5,2026-06-14,Onion,1359,1365,1745,1544
M5,2026-06-15,Onion,1538,1462,1716,1629
M5,2026-06-16,Onion,1694,1589,1876,1700
M5,2026-06-19,Onion,1548,1544,1863,1643
M5,2026-06-21,Onion,1377,1433,1600,1511
M5,2026-06-22,Onion,1397,1493,1810,1711
M5,2026-06-23,Onion,1559,1509,1711,1601
M5,2026-06-24,Onion,1764,1612,2008,1752
M5,2026-06-27,Onion,1862,1520,1783,1602
M5,2026-06-28,Onion,1740,1459,1878,1663
M5,2026-06-29,Onion,1892,1518,1832,1614
M5,2026-06-30,Onion,1327,1403,1748,1543
M6,2024-01-01,Onion,2134,768,1011,884
M6,2024-01-02,Onion,2673,752,913,855
M6,2024-01-04,Onion,2456,725,918,847
M6,2024-01-06,Onion,2183,838,1014,886
M6,2024-01-06,Onion,2183,838,1014,886
M6,2024-01-07,Onion,2417,780,924,824
M6,2024-01-08,Onion,2226,810,1078,946
M6,2024-01-09,Onion,2511,828,993,913
M6,2024-01-10,Onion,2259,823,995,877
M6,2024-01-11,Onion,2336,722,896,809
M6,2024-01-12,Onion,3003,877,1063,933
M6,2024-01-13,Onion,2737,818,989,937
M6,2024-01-14,Onion,2161,811,946,862
M6,2024-01-17,Onion,2237,705,856,814
M6,2024-01-18,Onion,2085,860,1057,926
M6,2024-01-19,Onion,2931,785,1015,898
M6,2024-01-20,Onion,2894,804,973,919
M6,2024-01-21,Onion,2303,801,957,892
M6,2024-01-22,Onion,2603,828,980,889
M6,2024-01-24,Onion,2108,817,1015,946
M6,2024-01-25,Onion,2832,795,1051,935
M6,2024-01-26,Onion,2507,757,958,874
M6,2024-01-28,Onion,2446,784,1003,884
M6,2024-01-29,Onion,3012,722,884,818
M6,2024-01-31,Onion,2336,811,1000,897
M6,2024-02-02,Onion,3262,723,844,788
M6,2024-02-03,Onion,2938,803,959,849
M6,2024-02-05,Onion,3118,693,891,775
M6,2024-02-06,Onion,2575,679,878,791
M6,2024-02-07,Onion,2695,783,930,853
M6,2024-02-08,Onion,3128,746,928,844
M6,2024-02-09,Onion,2781,746,835,786
M6,2024-02-10,Onion,2425,689,865,785
M6,2024-02-11,Onion,3235,714,855,757
M6,2024-02-12,Onion,3179,740,930,824
M6,2024-02-13,Onion,2315,802,937,885
M6,2024-02-14,Onion,2966,726,914,847
M6,2024-02-15,Onion,2915,771,889,820
M6,2024-02-16,Onion,3181,756,910,865
M6,2024-02-17,Onion,3261,738,952,867
M6,2024-02-18,Onion,3322,765,955,883
M6,2024-02-19,Onion,2729,797,925,876
M6,2024-02-20,Onion,3129,774,921,861
M6,2024-02-21,Onion,2428,740,906,819
M6,2024-02-22,Onion,2580,803,1005,882
M6,2024-02-23,Onion,3292,768,943,879
M6,2024-02-24,Onion,2628,748,907,853
M6,2024-02-25,Onion,2609,700,863,785
M6,2024-02-26,Onion,3115,788,992,878
M6,2024-02-27,Onion,3319,821,965,877
M6,2024-02-28,Onion,2338,725,909,817
M6,2024-02-29,Onion,3028,746,912,803
M6,2024-03-01,Onion,3041,839,1068,934
M6,2024-03-02,Onion,3027,800,991,908
M6,2024-03-03,Onion,2220,796,1006,913
M6,2024-03-04,Onion,3046,796,989,933
M6,2024-03-05,Onion,2738,757,937,835
M6,2024-03-06,Onion,2096,722,892,816
M6,2024-03-07,Onion,2753,838,1035,927
M6,2024-03-09,Onion,2667,817,936,871
M6,2024-03-10,Onion,3052,869,1039,930
M6,2024-03-11,Onion,3043,764,1026,895
M6,2024-03-13,Onion,2731,770,879,818
M6,2024-03-14,Onion,2612,802,1001,883
M6,2024-03-15,Onion,2610,738,947,834
M6,2024-03-16,Onion,2487,789,942,844
M6,2024-03-17,Onion,2217,792,952,843
M6,2024-03-18,Onion,2985,715,918,830
M6,2024-03-19,Onion,2905,746,890,846
M6,2024-03-20,Onion,2728,739,944,861
M6,2024-03-21,Onion,2797,804,973,906
M6,2024-03-23,Onion,3009,845,974,893
M6,2024-03-24,Onion,2336,776,959,849
M6,2024-03-25,Onion,2401,743,893,834
M6,2024-03-26,Onion,3034,723,951,847
M6,2024-03-28,Onion,2222,813,1033,926
M6,2024-03-29,Onion,3080,874,1034,929
M6,2024-03-30,Onion,2078,761,948,895
M6,2024-04-01,Onion,1834,973,1207,1082
M6,2024-04-02,Onion,2109,901,1087,1031
M6,2024-04-03,Onion,2304,967,1213,1077
M6,2024-04-04,Onion,2071,877,1086,1004
M6,2024-04-05,Onion,1878,894,1109,989
M6,2024-04-06,Onion,1794,922,1158,1026
M6,2024-04-07,Onion,2543,909,1127,1058
M6,2024-04-08,Onion,2067,927,1164,1054
M6,2024-04-09,Onion,1794,982,1228,1115
M6,2024-04-10,Onion,2227,919,1124,1034
M6,2024-04-11,Onion,2075,933,1122,1014
M6,2024-04-12,Onion,2543,948,1091,1023
M6,2024-04-15,Onion,2279,923,1036,984
M6,2024-04-17,Onion,2452,920,1124,1061
M6,2024-04-18,Onion,1782,961,1175,1092
M6,2024-04-19,Onion,2587,935,1101,985
M6,2024-04-20,Onion,2192,904,1101,1038
M6,2024-04-21,Onion,1779,908,1059,987
M6,2024-04-22,Onion,1805,920,1106,1028
M6,2024-04-23,Onion,1927,994,1186,1061
M6,2024-04-24,Onion,2503,979,1139,1052
M6,2024-04-25,Onion,1981,930,1055,982
M6,2024-04-26,Onion,1856,926,1107,1054
M6,2024-04-27,Onion,2383,972,1172,1089
M6,2024-04-28,Onion,1880,937,1153,1013
M6,2024-04-29,Onion,1913,952,1111,1026
M6,2024-04-30,Onion,2580,927,1081,980
M6,2024-04-30,Onion,2580,927,1081,980
M6,2024-05-01,Onion,1814,1133,1392,1283
M6,2024-05-02,Onion,1570,1225,1417,1301
M6,2024-05-04,Onion,1735,1097,1287,1219
M6,2024-05-05,Onion,1609,1100,1355,1248
M6,2024-05-06,Onion,1461,1102,1336,1230
M6,2024-05-07,Onion,1638,1120,1323,1193
M6,2024-05-08,Onion,1616,1134,1354,1254
M6,2024-05-11,Onion,1814,1205,1496,1320
M6,2024-05-12,Onion,1698,1103,1306,1173
M6,2024-05-13,Onion,1754,1179,1352,1251
M6,2024-05-14,Onion,1974,1060,1352,1179
M6,2024-05-15,Onion,1682,1074,1333,1221
M6,2024-05-16,Onion,2151,1123,1268,1184
M6,2024-05-17,Onion,1839,1132,1506,1314
M6,2024-05-18,Onion,2108,1197,1443,1264
M6,2024-05-20,Onion,2128,1156,1438,1270
M6,2024-05-21,Onion,1997,1119,1314,1250
M6,2024-05-22,Onion,1806,1224,1553,1359
M6,2024-05-23,Onion,1463,1136,1347,1256
M6,2024-05-24,Onion,2007,1155,1337,1268
M6,2024-05-25,Onion,1583,1130,1339,1242
M6,2024-05-26,Onion,1784,1114,1449,1274
M6,2024-05-27,Onion,1790,1149,1360,1212
M6,2024-05-28,Onion,1607,1167,1363,1237
M6,2024-05-29,Onion,1587,1095,1235,1172
M6,2024-05-30,Onion,1713,1167,1474,1292
M6,2024-05-31,Onion,1805,1120,1379,1269
M6,2024-06-01,Onion,1281,1402,1736,1523
M6,2024-06-02,Onion,1281,1383,1803,1597
M6,2024-06-03,Onion,1518,1355,1667,1472
M6,2024-06-04,Onion,1532,1192,1587,1394
M6,2024-06-05,Onion,1288,1357,1607,1440
M6,2024-06-06,Onion,1588,1522,1735,1612
M6,2024-06-07,Onion,1280,1395,1720,1552
M6,2024-06-08,Onion,1332,1266,1550,1429
M6,2024-06-09,Onion,1383,1328,1570,1421
M6,2024-06-10,Onion,1734,1277,1577,1380
M6,2024-06-11,Onion,1269,1375,1746,1593
M6,2024-06-12,Onion,1764,1303,1628,1469
M6,2024-06-13,Onion,1408,1278,1670,1487
M6,2024-06-14,Onion,1821,1212,1577,1397
M6,2024-06-15,Onion,1273,1404,1640,1525
M6,2024-06-16,Onion,1515,1484,1826,1609
M6,2024-06-17,Onion,1493,1360,1642,1489
M6,2024-06-18,Onion,1610,1483,1751,1578
M6,2024-06-19,Onion,1648,1454,1682,1583
M6,2024-06-20,Onion,1620,1345,1521,1448
M6,2024-06-21,Onion,1772,1297,1571,1425
M6,2024-06-22,Onion,1657,1399,1709,1498
M6,2024-06-23,Onion,1404,1337,1668,1494
M6,2024-06-24,Onion,1464,1394,1787,1601
M6,2024-06-25,Onion,1747,1370,1624,1511
M6,2024-06-27,Onion,1326,1206,1598,1406
M6,2024-06-28,Onion,1443,1407,1645,1556
M6,2024-06-29,Onion,1548,1377,1706,1550
M6,2024-06-30,Onion,1800,1214,1516,1411
M6,2024-07-01,Onion,1502,1426,1775,1571
M6,2024-07-04,Onion,1135,1588,1801,1701
M6,2024-07-05,Onion,1364,1466,1676,1568
M6,2024-07-06,Onion,1629,1430,1750,1600
M6,2024-07-07,Onion,1564,1419,1783,1599
M6,2024-07-08,Onion,1523,1546,1879,1778
M6,2024-07-09,Onion,1356,1552,1930,1750
M6,2024-07-10,Onion,1337,1581,1922,1676
M6,2024-07-11,Onion,1156,1524,1924,1705
M6,2024-07-12,Onion,1344,1626,1901,1731
M6,2024-07-13,Onion,1193,1675,2002,1769
M6,2024-07-14,Onion,1546,1535,1989,1738
M6,2024-07-15,Onion,1317,1497,1833,1611
M6,2024-07-16,Onion,1253,1476,1911,1734
M6,2024-07-17,Onion,1112,1596,1877,1742
M6,2024-07-18,Onion,1525,1566,1867,1760
M6,2024-07-20,Onion,1404,1500,1787,1650
M6,2024-07-23,Onion,1644,1521,1830,1660
M6,2024-07-25,Onion,1428,1466,1744,1597
M6,2024-07-26,Onion,1365,1480,1778,1613
M6,2024-07-27,Onion,1400,1506,1910,1748
M6,2024-07-28,Onion,1619,1486,1870,1676
M6,2024-07-29,Onion,1141,1632,1995,1743
M6,2024-07-30,Onion,1624,1517,1924,1705
M6,2024-08-01,Onion,1109,1615,1983,1760
M6,2024-08-02,Onion,1211,1630,1900,1718
M6,2024-08-03,Onion,1282,1562,1906,1753
M6,2024-08-04,Onion,1235,1439,1805,1688
M6,2024-08-05,Onion,1219,1557,1952,1793
M6,2024-08-06,Onion,1380,1564,1873,1768
M6,2024-08-07,Onion,1503,1576,1854,1758
M6,2024-08-08,Onion,1400,1456,1810,1680
M6,2024-08-10,Onion,1497,1620,2004,1793
M6,2024-08-11,Onion,1224,1449,1850,1616
M6,2024-08-13,Onion,1164,1673,1891,1777
M6,2024-08-14,Onion,1572,1561,1885,1681
M6,2024-08-15,Onion,1069,1466,1836,1617
M6,2024-08-16,Onion,1494,1506,1708,1620
M6,2024-08-17,Onion,1377,1413,1899,1660
M6,2024-08-18,Onion,1239,1443,1862,1651
M6,2024-08-19,Onion,1099,1599,1989,1775
M6,2024-08-20,Onion,1140,1523,1847,1739
M6,2024-08-21,Onion,1375,1482,1770,1662
M6,2024-08-22,Onion,1111,1595,1856,1756
M6,2024-08-23,Onion,1436,1483,1881,1644
M6,2024-08-24,Onion,1067,1571,1885,1709
M6,2024-08-25,Onion,1375,1684,2112,1858
M6,2024-08-26,Onion,1301,1575,1950,1845
M6,2024-08-27,Onion,1158,1462,1793,1668
M6,2024-08-28,Onion,1182,1519,1849,1757
M6,2024-08-29,Onion,1207,1507,1958,1766
M6,2024-08-30,Onion,1457,1556,1894,1800
M6,2024-08-31,Onion,1340,1532,1963,1777
M6,2024-09-01,Onion,1357,1355,1699,1539
M6,2024-09-02,Onion,1287,1463,1672,1542
M6,2024-09-03,Onion,1378,1387,1783,1566
M6,2024-09-04,Onion,1657,1435,1913,1669
M6,2024-09-05,Onion,1270,1573,1848,1718
M6,2024-09-06,Onion,1401,1493,1696,1577
M6,2024-09-08,Onion,1156,1643,2027,1787
M6,2024-09-09,Onion,1304,1461,1732,1568
M6,2024-09-10,Onion,1330,1663,2042,1789
M6,2024-09-13,Onion,1191,1597,1958,1748
M6,2024-09-14,Onion,1486,1334,1700,1560
M6,2024-09-16,Onion,1463,1511,1788,1639
M6,2024-09-17,Onion,1204,1366,1692,1604
M6,2024-09-18,Onion,1124,1409,1671,1550
M6,2024-09-19,Onion,1653,1472,1877,1731
M6,2024-09-20,Onion,1186,1484,1782,1636
M6,2024-09-21,Onion,1258,1500,1730,1579
M6,2024-09-22,Onion,1142,1603,1895,1712
M6,2024-09-23,Onion,1320,1376,1767,1615
M6,2024-09-24,Onion,1423,1423,1814,1659
M6,2024-09-25,Onion,1451,1376,1800,1572
M6,2024-09-27,Onion,1582,1646,1941,1739
M6,2024-09-28,Onion,1110,1500,1931,1753
M6,2024-09-29,Onion,1168,1460,1773,1579
M6,2024-09-30,Onion,1602,1507,1820,1644
M6,2024-10-02,Onion,1691,2247,2868,2519
M6,2024-10-04,Onion,1658,2269,2731,2561
M6,2024-10-05,Onion,1735,2136,2598,2321
M6,2024-10-06,Onion,1595,2028,2601,2364
M6,2024-10-08,Onion,1373,2227,2596,2361
M6,2024-10-09,Onion,1392,2150,2731,2397
M6,2024-10-10,Onion,1484,2094,2698,2359
M6,2024-10-11,Onion,1360,2290,2638,2488
M6,2024-10-12,Onion,1810,2366,2694,2515
M6,2024-10-15,Onion,1441,2127,2629,2312
M6,2024-10-16,Onion,1307,2184,2628,2480
M6,2024-10-17,Onion,1804,1955,2414,2288
M6,2024-10-19,Onion,1484,2084,2623,2430
M6,2024-10-20,Onion,1554,2156,2697,2471
M6,2024-10-21,Onion,1247,1402,1728,1565
M6,2024-10-23,Onion,1247,1414,1629,1504
M6,2024-10-24,Onion,1392,1538,1724,1625
M6,2024-10-25,Onion,1669,1269,1504,1393
M6,2024-10-27,Onion,1569,1404,1623,1545
M6,2024-10-28,Onion,1689,1325,1541,1419
M6,2024-10-29,Onion,1785,1360,1729,1533
M6,2024-10-31,Onion,1465,1246,1596,1412
M6,2024-11-02,Onion,1778,1021,1277,1201
M6,2024-11-03,Onion,1584,1149,1396,1321
M6,2024-11-04,Onion,1888,1185,1408,1321
M6,2024-11-05,Onion,2040,1133,1268,1194
M6,2024-11-06,Onion,2086,1207,1490,1355
M6,2024-11-08,Onion,1564,1133,1410,1277
M6,2024-11-09,Onion,1586,1049,1317,1188
M6,2024-11-10,Onion,1918,1036,1281,1197
M6,2024-11-11,Onion,2086,1197,1474,1378
M6,2024-11-12,Onion,1532,1204,1515,1322
M6,2024-11-13,Onion,1496,1203,1486,1379
M6,2024-11-15,Onion,2121,1066,1268,1195
M6,2024-11-16,Onion,1638,1252,1487,1382
M6,2024-11-17,Onion,2093,1041,1318,1221
M6,2024-11-18,Onion,1706,1150,1478,1320
M6,2024-11-19,Onion,2067,1094,1360,1236
M6,2024-11-20,Onion,1704,1082,1435,1252
M6,2024-11-21,Onion,1842,1216,1465,1284
M6,2024-11-23,Onion,1685,1249,1539,1385
M6,2024-11-25,Onion,1971,1018,1351,1189
M6,2024-11-26,Onion,1665,1249,1417,1318
M6,2024-11-27,Onion,2104,1111,1349,1200
M6,2024-11-28,Onion,1587,1146,1367,1262
M6,2024-12-02,Onion,2275,1017,1170,1094
M6,2024-12-03,Onion,2133,868,1134,1001
M6,2024-12-04,Onion,2191,986,1211,1064
M6,2024-12-05,Onion,1757,950,1228,1111
M6,2024-12-06,Onion,1761,925,1114,1053
M6,2024-12-07,Onion,1883,1066,1288,1140
M6,2024-12-08,Onion,1947,999,1194,1132
M6,2024-12-09,Onion,1961,1026,1232,1103
M6,2024-12-10,Onion,2087,899,1136,1040
M6,2024-12-12,Onion,2256,965,1205,1076
M6,2024-12-13,Onion,2435,951,1116,1022
M6,2024-12-14,Onion,2324,1025,1270,1120
M6,2024-12-15,Onion,2060,968,1237,1115
M6,2024-12-16,Onion,2460,921,1183,1062
M6,2024-12-17,Onion,2473,961,1121,1023
M6,2024-12-18,Onion,1815,944,1150,1034
M6,2024-12-20,Onion,2016,933,1112,1043
M6,2024-12-21,Onion,2498,977,1290,1144
M6,2024-12-22,Onion,2231,1035,1157,1093
M6,2024-12-23,Onion,1870,951,1165,1055
M6,2024-12-24,Onion,2544,947,1195,1092
M6,2024-12-25,Onion,1976,988,1280,1119
M6,2024-12-26,Onion,2275,996,1196,1122
M6,2024-12-27,Onion,2012,994,1205,1056
M6,2024-12-28,Onion,2400,1052,1239,1138
M6,2024-12-29,Onion,2155,975,1168,1108
M6,2024-12-30,Onion,2317,957,1163,1105
M6,2024-12-31,Onion,1865,1037,1179,1100
M6,2025-01-01,Onion,2314,780,935,841
M6,2025-01-02,Onion,2408,833,1037,913
M6,2025-01-03,Onion,2791,812,985,915
M6,2025-01-04,Onion,2307,826,989,891
M6,2025-01-05,Onion,2596,830,995,920
M6,2025-01-06,Onion,2227,759,958,849
M6,2025-01-07,Onion,2359,850,1015,938
M6,2025-01-08,Onion,2105,745,972,847
M6,2025-01-09,Onion,2876,790,902,850
M6,2025-01-10,Onion,2648,851,1022,951
M6,2025-01-11,Onion,2095,784,965,858
M6,2025-01-13,Onion,2694,831,964,888
M6,2025-01-14,Onion,2510,771,1017,893
M6,2025-01-16,Onion,2970,775,939,843
M6,2025-01-17,Onion,2455,814,1024,905
M6,2025-01-18,Onion,2472,808,942,855
M6,2025-01-20,Onion,2921,824,973,898
M6,2025-01-21,Onion,2300,767,913,828
M6,2025-01-22,Onion,2258,786,957,872
M6,2025-01-23,Onion,2982,763,957,891
M6,2025-01-25,Onion,2888,786,999,906
M6,2025-01-26,Onion,2155,762,936,838
M6,2025-01-27,Onion,2939,829,970,874
M6,2025-01-28,Onion,2332,856,1030,920
M6,2025-01-30,Onion,2892,825,924,871
M6,2025-01-31,Onion,2254,858,1018,915
M6,2025-02-01,Onion,2968,734,897,845
M6,2025-02-03,Onion,3294,836,987,890
M6,2025-02-05,Onion,2919,797,906,853
M6,2025-02-07,Onion,2506,823,935,886
M6,2025-02-08,Onion,3098,695,819,774
M6,2025-02-09,Onion,3065,786,971,885
M6,2025-02-10,Onion,3060,695,889,778
M6,2025-02-12,Onion,2321,700,826,774
M6,2025-02-14,Onion,2540,688,858,783
M6,2025-02-15,Onion,2841,777,898,840
M6,2025-02-16,Onion,3172,776,943,869
M6,2025-02-17,Onion,3001,693,925,809
M6,2025-02-18,Onion,2330,785,973,881
M6,2025-02-19,Onion,2985,724,913,820
M6,2025-02-20,Onion,3019,836,966,885
M6,2025-02-21,Onion,3241,733,890,774
M6,2025-02-22,Onion,3154,750,962,839
M6,2025-02-23,Onion,2759,783,933,854
M6,2025-02-24,Onion,2873,749,921,856
M6,2025-02-25,Onion,2497,786,989,902
M6,2025-02-26,Onion,3135,729,923,832
M6,2025-02-27,Onion,3046,680,899,794
M6,2025-02-28,Onion,2941,817,1000,876
M6,2025-03-01,Onion,2640,817,1015,960
M6,2025-03-02,Onion,2702,758,974,885
M6,2025-03-03,Onion,2623,854,1046,929
M6,2025-03-06,Onion,2742,725,926,827
M6,2025-03-07,Onion,2866,890,1013,953
M6,2025-03-09,Onion,2132,879,1038,958
M6,2025-03-11,Onion,2775,816,958,879
M6,2025-03-12,Onion,2139,851,1019,962
M6,2025-03-13,Onion,2077,810,1051,953
M6,2025-03-14,Onion,3015,842,995,921
M6,2025-03-15,Onion,2526,773,983,893
M6,2025-03-16,Onion,3062,864,995,941
M6,2025-03-17,Onion,2620,753,926,878
M6,2025-03-18,Onion,2956,844,1015,894
M6,2025-03-19,Onion,2311,880,1020,931
M6,2025-03-21,Onion,2779,823,1037,947
M6,2025-03-22,Onion,2281,860,985,911
M6,2025-03-23,Onion,2371,734,934,837
M6,2025-03-24,Onion,2945,768,987,890
M6,2025-03-25,Onion,2605,912,1021,963
M6,2025-03-27,Onion,2114,831,1055,936
M6,2025-03-28,Onion,2663,859,1048,969
M6,2025-03-29,Onion,2862,783,973,895
M6,2025-03-30,Onion,2806,789,994,886
M6,2025-03-31,Onion,2471,740,981,867
M6,2025-04-02,Onion,2577,985,1202,1060
M6,2025-04-04,Onion,1846,1073,1289,1147
M6,2025-04-05,Onion,2080,950,1114,1011
M6,2025-04-06,Onion,1893,925,1077,1020
M6,2025-04-07,Onion,2389,943,1169,1073
M6,2025-04-07,Onion,2389,943,1169,1073
M6,2025-04-08,Onion,2322,1048,1216,1103
M6,2025-04-09,Onion,2429,947,1154,1084
M6,2025-04-10,Onion,1945,1033,1278,1119
M6,2025-04-12,Onion,2006,1058,1298,1151
M6,2025-04-13,Onion,1992,988,1192,1108
M6,2025-04-14,Onion,2568,978,1268,1112
M6,2025-04-15,Onion,2321,971,1146,1053
M6,2025-04-16,Onion,1791,928,1164,1064
M6,2025-04-17,Onion,1977,976,1204,1132
M6,2025-04-18,Onion,2089,1003,1263,1130
M6,2025-04-19,Onion,2029,976,1127,1073
M6,2025-04-20,Onion,2292,924,1229,1080
M6,2025-04-21,Onion,1876,860,1088,1005
M6,2025-04-22,Onion,2133,1023,1216,1142
M6,2025-04-23,Onion,2087,1030,1241,1151
M6,2025-04-24,Onion,2431,1042,1165,1100
M6,2025-04-26,Onion,2027,979,1179,1116
M6,2025-04-27,Onion,2527,922,1101,993
M6,2025-04-30,Onion,1869,968,1197,1127
M6,2025-05-02,Onion,2057,1193,1463,1295
M6,2025-05-05,Onion,2071,1229,1427,1302
M6,2025-05-07,Onion,1861,1077,1300,1209
M6,2025-05-08,Onion,1658,1292,1466,1365
M6,2025-05-10,Onion,1848,1266,1484,1381
M6,2025-05-11,Onion,1612,1211,1545,1369
M6,2025-05-12,Onion,1559,1172,1438,1334
M6,2025-05-14,Onion,2137,1127,1342,1198
M6,2025-05-15,Onion,2010,1176,1521,1369
M6,2025-05-16,Onion,1673,1238,1497,1303
M6,2025-05-17,Onion,1495,1024,1312,1195
M6,2025-05-19,Onion,1981,1120,1435,1287
M6,2025-05-21,Onion,2035,1180,1407,1328
M6,2025-05-22,Onion,1497,1160,1425,1316
M6,2025-05-25,Onion,1612,1229,1459,1321
M6,2025-05-27,Onion,1907,1264,1533,1357
M6,2025-05-28,Onion,1698,1247,1527,1392
M6,2025-05-29,Onion,1975,1310,1586,1389
M6,2025-05-31,Onion,1539,1128,1440,1256
M6,2025-06-01,Onion,1343,1406,1754,1582
M6,2025-06-02,Onion,1239,1326,1657,1458
M6,2025-06-03,Onion,1663,1286,1619,1489
M6,2025-06-04,Onion,1721,1364,1705,1573
M6,2025-06-07,Onion,1349,1325,1619,1497
M6,2025-06-08,Onion,1675,1376,1563,1459
M6,2025-06-10,Onion,1291,1398,1808,1621
M6,2025-06-12,Onion,1734,1473,1837,1642
M6,2025-06-13,Onion,1804,1509,1775,1633
M6,2025-06-14,Onion,1724,1234,1585,1439
M6,2025-06-15,Onion,1673,1310,1612,1454
M6,2025-06-16,Onion,1625,1210,1557,1413
M6,2025-06-18,Onion,1833,1373,1759,1539
M6,2025-06-19,Onion,1538,1453,1748,1603
M6,2025-06-20,Onion,1559,1365,1667,1557
M6,2025-06-21,Onion,1781,1427,1836,1599
M6,2025-06-22,Onion,1569,1352,1685,1526
M6,2025-06-23,Onion,1728,1397,1647,1563
M6,2025-06-24,Onion,1396,1262,1524,1415
M6,2025-06-25,Onion,1550,1547,1830,1631
M6,2025-06-26,Onion,1805,1427,1757,1571
M6,2025-06-27,Onion,1720,1452,1660,1543
M6,2025-06-28,Onion,1774,1262,1596,1440
M6,2025-06-29,Onion,1578,1389,1694,1497
M6,2025-06-30,Onion,1687,1385,1743,1567
M6,2025-07-01,Onion,1395,1577,1798,1669
M6,2025-07-02,Onion,1244,1505,1834,1702
M6,2025-07-03,Onion,1570,1626,1896,1777
M6,2025-07-04,Onion,1350,1485,1743,1649
M6,2025-07-05,Onion,1432,1587,1886,1781
M6,2025-07-06,Onion,1311,1532,1911,1671
M6,2025-07-07,Onion,1498,1590,1870,1773
M6,2025-07-09,Onion,1202,1429,1767,1560
M6,2025-07-10,Onion,1111,1617,1891,1716
M6,2025-07-11,Onion,1429,1672,1952,1797
M6,2025-07-12,Onion,1115,1491,1782,1615
M6,2025-07-13,Onion,1499,1543,1954,1735
M6,2025-07-14,Onion,1518,1470,1812,1644
M6,2025-07-15,Onion,1435,1627,1974,1773
M6,2025-07-16,Onion,1624,1473,1903,1686
M6,2025-07-17,Onion,1580,1471,1891,1724
M6,2025-07-18,Onion,1212,1533,1798,1625
M6,2025-07-20,Onion,1165,1678,2005,1771
M6,2025-07-21,Onion,1265,1702,1945,1813
M6,2025-07-22,Onion,1643,1576,1892,1754
M6,2025-07-23,Onion,1646,1403,1781,1584
M6,2025-07-25,Onion,1131,1574,1964,1782
M6,2025-07-26,Onion,1603,1446,1758,1661
M6,2025-07-27,Onion,1495,1600,1864,1699
M6,2025-07-28,Onion,1638,1483,1804,1672
M6,2025-07-29,Onion,1336,1484,1690,1583
M6,2025-07-30,Onion,1149,1478,1737,1640
M6,2025-07-31,Onion,1246,1519,1774,1678
M6,2025-08-01,Onion,1411,1650,1970,1745
M6,2025-08-02,Onion,1381,1647,2051,1825
M6,2025-08-04,Onion,1178,1525,1832,1676
M6,2025-08-05,Onion,1435,1593,1965,1764
M6,2025-08-06,Onion,1581,1582,1827,1694
M6,2025-08-07,Onion,1489,1571,1947,1809
M6,2025-08-08,Onion,1132,1722,2121,1874
M6,2025-08-09,Onion,1168,1477,1751,1651
M6,2025-08-11,Onion,1473,2454,2877,2630
M6,2025-08-12,Onion,1440,2078,2726,2439
M6,2025-08-13,Onion,1354,2467,2776,2623
M6,2025-08-14,Onion,1367,2212,2704,2358
M6,2025-08-16,Onion,1470,2304,2738,2440
M6,2025-08-20,Onion,1484,2408,2908,2647
M6,2025-08-21,Onion,1445,2093,2705,2443
M6,2025-08-22,Onion,1433,2400,2995,2645
M6,2025-08-23,Onion,1425,2283,2925,2626
M6,2025-08-24,Onion,1330,2343,2739,2598
M6,2025-08-25,Onion,1351,2303,2704,2531
M6,2025-08-26,Onion,1339,1591,2091,1822
M6,2025-08-29,Onion,1535,1466,1838,1670
M6,2025-08-30,Onion,1146,1741,2001,1839
M6,2025-08-31,Onion,1560,1660,2121,1863
M6,2025-09-01,Onion,1461,1478,1684,1600
M6,2025-09-02,Onion,1582,1643,1900,1761
M6,2025-09-03,Onion,1520,1677,1977,1785
M6,2025-09-04,Onion,1175,1484,1756,1563
M6,2025-09-05,Onion,1355,1536,1859,1621
M6,2025-09-06,Onion,1478,1501,1731,1639
M6,2025-09-07,Onion,1612,1545,1874,1687
M6,2025-09-08,Onion,1537,1660,1947,1786
M6,2025-09-09,Onion,1484,1433,1805,1622
M6,2025-09-10,Onion,1188,1446,1703,1609
M6,2025-09-11,Onion,1455,1492,1900,1746
M6,2025-09-12,Onion,1465,1428,1822,1635
M6,2025-09-14,Onion,1210,1590,2004,1760
M6,2025-09-15,Onion,1484,1374,1800,1565
M6,2025-09-16,Onion,1305,1615,1993,1822
M6,2025-09-17,Onion,1525,1566,2055,1834
M6,2025-09-18,Onion,1270,1634,1997,1780
M6,2025-09-20,Onion,1387,1402,1798,1590
M6,2025-09-22,Onion,1552,1531,1758,1632
M6,2025-09-23,Onion,1173,1577,1948,1826
M6,2025-09-24,Onion,1516,1633,1900,1799
M6,2025-09-25,Onion,1513,1490,1819,1616
M6,2025-09-26,Onion,1180,1600,1877,1736
M6,2025-09-27,Onion,1647,1436,1726,1596
M6,2025-09-29,Onion,1446,1617,1926,1818
M6,2025-10-01,Onion,1362,1341,1644,1552
M6,2025-10-02,Onion,1838,1456,1773,1567
M6,2025-10-03,Onion,1405,1311,1539,1432
M6,2025-10-05,Onion,1646,1353,1782,1569
M6,2025-10-06,Onion,1278,1373,1622,1542
M6,2025-10-07,Onion,1739,1371,1729,1594
M6,2025-10-08,Onion,1492,1286,1517,1438
M6,2025-10-10,Onion,1815,1505,1871,1641
M6,2025-10-13,Onion,1809,1368,1575,1496
M6,2025-10-14,Onion,1657,1361,1764,1566
M6,2025-10-15,Onion,1350,1387,1684,1549
M6,2025-10-16,Onion,1837,1255,1545,1424
M6,2025-10-17,Onion,1764,1416,1816,1587
M6,2025-10-18,Onion,1720,1432,1649,1525
M6,2025-10-20,Onion,1578,1292,1691,1497
M6,2025-10-21,Onion,1611,1332,1568,1487
M6,2025-10-23,Onion,1537,1537,1842,1624
M6,2025-10-24,Onion,1731,1513,1882,1643
M6,2025-10-25,Onion,1436,1320,1624,1545
M6,2025-10-27,Onion,1544,1405,1795,1605
M6,2025-10-28,Onion,1305,1411,1762,1596
M6,2025-10-29,Onion,1233,1251,1578,1416
M6,2025-10-30,Onion,1265,1429,1744,1520
M6,2025-10-31,Onion,1700,1364,1686,1486
M6,2025-11-02,Onion,1665,1145,1410,1309
M6,2025-11-03,Onion,2029,1121,1466,1316
M6,2025-11-04,Onion,1581,1128,1503,1309
M6,2025-11-05,Onion,1685,1049,1350,1212
M6,2025-11-06,Onion,2147,1149,1384,1312
M6,2025-11-07,Onion,1883,1132,1415,1277
M6,2025-11-08,Onion,1876,1108,1320,1253
M6,2025-11-09,Onion,1921,1237,1535,1350
M6,2025-11-10,Onion,2012,1254,1425,1355
M6,2025-11-11,Onion,1873,1093,1388,1259
M6,2025-11-13,Onion,2054,1271,1494,1348
M6,2025-11-14,Onion,1809,1072,1382,1241
M6,2025-11-15,Onion,2068,1124,1487,1299
M6,2025-11-16,Onion,1735,1199,1561,1375
M6,2025-11-17,Onion,1456,1267,1521,1338
M6,2025-11-18,Onion,1951,1151,1470,1344
M6,2025-11-19,Onion,2101,1114,1469,1309
M6,2025-11-20,Onion,1690,1180,1446,1362
M6,2025-11-21,Onion,1714,1212,1470,1386
M6,2025-11-22,Onion,2036,1197,1396,1282
M6,2025-11-23,Onion,1474,1147,1415,1250
M6,2025-11-24,Onion,2068,1137,1444,1325
M6,2025-11-25,Onion,1702,1319,1506,1391
M6,2025-11-26,Onion,2110,1159,1395,1223
M6,2025-11-27,Onion,1544,1263,1574,1403
M6,2025-11-28,Onion,1983,1157,1329,1235
M6,2025-11-29,Onion,2078,1293,1492,1373
M6,2025-11-30,Onion,1729,1185,1491,1392
M6,2025-12-01,Onion,2136,911,1159,1061
M6,2025-12-02,Onion,1942,995,1132,1060
M6,2025-12-03,Onion,1943,1014,1261,1154
M6,2025-12-04,Onion,2046,910,1156,1048
M6,2025-12-05,Onion,2135,916,1146,1042
M6,2025-12-06,Onion,2566,918,1220,1065
M6,2025-12-07,Onion,2419,919,1153,1076
M6,2025-12-08,Onion,2557,961,1161,1029
M6,2025-12-09,Onion,2324,1067,1259,1133
M6,2025-12-10,Onion,2293,982,1216,1104
M6,2025-12-11,Onion,2176,961,1246,1130
M6,2025-12-12,Onion,2012,1068,1209,1149
M6,2025-12-13,Onion,1892,904,1136,1029
M6,2025-12-14,Onion,2544,1023,1149,1080
M6,2025-12-15,Onion,2039,1003,1230,1123
M6,2025-12-17,Onion,1784,1014,1202,1128
M6,2025-12-18,Onion,2326,1029,1294,1154
M6,2025-12-19,Onion,2122,950,1213,1073
M6,2025-12-20,Onion,1968,953,1081,1014
M6,2025-12-21,Onion,1856,976,1275,1122
M6,2025-12-22,Onion,2379,1001,1291,1154
M6,2025-12-24,Onion,2538,970,1174,1087
M6,2025-12-26,Onion,2042,1053,1268,1151
M6,2025-12-27,Onion,2302,877,1184,1030
M6,2025-12-28,Onion,2089,904,1114,1014
M6,2025-12-29,Onion,2474,945,1248,1106
M6,2025-12-30,Onion,2081,968,1186,1088
M6,2025-12-31,Onion,2273,971,1206,1089
M6,2026-01-01,Onion,2626,792,921,842
M6,2026-01-02,Onion,2744,785,991,921
M6,2026-01-03,Onion,2467,761,952,855
M6,2026-01-05,Onion,2405,811,960,898
M6,2026-01-07,Onion,3030,840,1052,955
M6,2026-01-08,Onion,2939,755,905,841
M6,2026-01-09,Onion,2567,852,1085,944
M6,2026-01-10,Onion,2854,756,948,865
M6,2026-01-11,Onion,2213,842,996,928
M6,2026-01-12,Onion,2775,850,1098,962
M6,2026-01-13,Onion,2419,860,1062,931
M6,2026-01-16,Onion,2475,823,995,888
M6,2026-01-17,Onion,2923,813,1022,917
M6,2026-01-18,Onion,2180,765,898,848
M6,2026-01-19,Onion,2302,796,1016,927
M6,2026-01-20,Onion,2644,873,1090,986
M6,2026-01-21,Onion,2528,862,1040,934
M6,2026-01-23,Onion,2316,839,1108,964
M6,2026-01-24,Onion,2398,756,989,871
M6,2026-01-25,Onion,2527,830,955,895
M6,2026-01-26,Onion,2199,760,988,887
M6,2026-01-27,Onion,2697,805,981,869
M6,2026-01-28,Onion,2326,767,974,862
M6,2026-01-29,Onion,2764,831,1059,972
M6,2026-02-01,Onion,2642,794,959,877
M6,2026-02-02,Onion,3305,826,975,909
M6,2026-02-03,Onion,2294,784,904,852
M6,2026-02-04,Onion,2686,764,918,873
M6,2026-02-06,Onion,3150,806,940,877
M6,2026-02-08,Onion,2688,749,915,853
M6,2026-02-09,Onion,3299,731,885,841
M6,2026-02-10,Onion,2658,723,892,803
M6,2026-02-11,Onion,2538,777,891,823
M6,2026-02-14,Onion,3029,803,935,884
M6,2026-02-15,Onion,2633,741,903,819
M6,2026-02-16,Onion,3296,788,1014,887
M6,2026-02-17,Onion,2803,808,935,886
M6,2026-02-18,Onion,2481,765,931,850
M6,2026-02-19,Onion,2513,812,978,902
M6,2026-02-20,Onion,2714,735,954,837
M6,2026-02-21,Onion,2833,727,903,820
M6,2026-02-22,Onion,2267,709,919,809
M6,2026-02-23,Onion,2719,818,981,880
M6,2026-02-24,Onion,2222,738,964,856
M6,2026-02-26,Onion,2734,828,1019,891
M6,2026-02-27,Onion,2868,826,994,882
M6,2026-02-28,Onion,2225,720,950,844
M6,2026-03-01,Onion,2313,881,1045,929
M6,2026-03-02,Onion,2972,879,1106,968
M6,2026-03-03,Onion,2855,800,919,875
M6,2026-03-04,Onion,2305,872,1113,975
M6,2026-03-05,Onion,2585,788,1018,900
M6,2026-03-06,Onion,3081,806,1047,941
M6,2026-03-07,Onion,2201,775,985,894
M6,2026-03-08,Onion,2073,792,958,885
M6,2026-03-09,Onion,2167,854,1005,927
M6,2026-03-10,Onion,2900,849,1040,920
M6,2026-03-11,Onion,2463,893,1021,967
M6,2026-03-12,Onion,2533,814,1057,924
M6,2026-03-14,Onion,2975,806,965,904
M6,2026-03-15,Onion,2252,907,1117,979
M6,2026-03-16,Onion,2827,809,983,916
M6,2026-03-17,Onion,2997,804,1016,901
M6,2026-03-20,Onion,2352,860,1004,949
M6,2026-03-21,Onion,2590,872,1059,929
M6,2026-03-23,Onion,2680,770,956,854
M6,2026-03-24,Onion,2922,811,954,865
M6,2026-03-25,Onion,2567,834,1085,978
M6,2026-03-26,Onion,2693,747,960,877
M6,2026-03-27,Onion,3058,790,979,916
M6,2026-03-28,Onion,2624,820,943,890
M6,2026-03-29,Onion,2835,841,1022,901
M6,2026-03-31,Onion,2758,818,943,862
M6,2026-04-01,Onion,2021,966,1124,1020
M6,2026-04-02,Onion,2533,1003,1213,1113
M6,2026-04-04,Onion,1889,883,1134,1011
M6,2026-04-05,Onion,1777,966,1247,1119
M6,2026-04-06,Onion,1941,1057,1315,1154
M6,2026-04-07,Onion,2303,931,1133,1049
M6,2026-04-08,Onion,2020,1026,1174,1088
M6,2026-04-09,Onion,2293,1067,1209,1132
M6,2026-04-10,Onion,2123,984,1256,1116
M6,2026-04-11,Onion,2591,962,1085,1013
M6,2026-04-13,Onion,2497,944,1141,1015
M6,2026-04-14,Onion,2586,1044,1293,1140
M6,2026-04-15,Onion,1995,954,1111,1052
M6,2026-04-17,Onion,1949,1038,1208,1139
M6,2026-04-19,Onion,2118,1053,1252,1117
M6,2026-04-20,Onion,2570,883,1098,1029
M6,2026-04-21,Onion,2191,953,1187,1118
M6,2026-04-22,Onion,2616,932,1197,1050
M6,2026-04-23,Onion,1877,910,1099,1022
M6,2026-04-24,Onion,2277,889,1180,1027
M6,2026-04-25,Onion,2065,947,1183,1062
M6,2026-04-26,Onion,1910,957,1105,1010
M6,2026-04-28,Onion,2549,1109,1333,1171
M6,2026-04-29,Onion,2188,941,1170,1042
M6,2026-04-30,Onion,1967,940,1144,1080
M6,2026-05-01,Onion,1926,1151,1358,1228
M6,2026-05-02,Onion,1516,1111,1456,1298
M6,2026-05-03,Onion,1791,1165,1490,1319
M6,2026-05-04,Onion,1526,1222,1462,1338
M6,2026-05-05,Onion,1481,1210,1398,1323
M6,2026-05-07,Onion,2071,1317,1494,1422
M6,2026-05-09,Onion,1490,1236,1471,1363
M6,2026-05-10,Onion,1684,1186,1476,1305
M6,2026-05-11,Onion,1830,1083,1390,1215
M6,2026-05-12,Onion,1587,1118,1387,1303
M6,2026-05-13,Onion,1779,1184,1338,1251
M6,2026-05-14,Onion,1519,1315,1513,1404
M6,2026-05-14,Onion,1519,1315,1513,1404
M6,2026-05-17,Onion,2075,1290,1537,1372
M6,2026-05-18,Onion,1719,1076,1333,1242
M6,2026-05-19,Onion,1607,1231,1510,1424
M6,2026-05-20,Onion,1462,1203,1438,1307
M6,2026-05-21,Onion,1836,1077,1373,1238
M6,2026-05-22,Onion,1864,1091,1362,1255
M6,2026-05-23,Onion,2094,1170,1387,1267
M6,2026-05-24,Onion,1541,1172,1476,1327
M6,2026-05-25,Onion,1961,1157,1410,1328
M6,2026-05-26,Onion,1813,1136,1332,1242
M6,2026-05-27,Onion,1660,1217,1493,1312
M6,2026-05-28,Onion,2020,1093,1465,1282
M6,2026-05-29,Onion,1571,1222,1472,1289
M6,2026-05-30,Onion,1783,1138,1305,1224
M6,2026-05-31,Onion,1639,1218,1585,1416
M6,2026-06-01,Onion,1540,1396,1761,1565
M6,2026-06-02,Onion,1225,1545,1895,1655
M6,2026-06-03,Onion,1398,1396,1687,1552
M6,2026-06-04,Onion,1468,1382,1627,1469
M6,2026-06-05,Onion,1393,1410,1675,1492
M6,2026-06-06,Onion,1588,1436,1642,1522
M6,2026-06-07,Onion,1324,1436,1618,1532
M6,2026-06-09,Onion,1454,1525,1832,1629
M6,2026-06-10,Onion,1536,1502,1777,1655
M6,2026-06-11,Onion,1800,1417,1629,1546
M6,2026-06-12,Onion,1577,1396,1654,1496
M6,2026-06-13,Onion,1458,1427,1802,1654
M6,2026-06-13,Onion,1458,1427,1802,1654
M6,2026-06-14,Onion,1593,1374,1735,1571
M6,2026-06-15,Onion,1598,1539,1756,1622
M6,2026-06-16,Onion,1288,1373,1678,1511
M6,2026-06-18,Onion,1705,1329,1761,1534
M6,2026-06-20,Onion,1831,1309,1581,1439
M6,2026-06-21,Onion,1375,1372,1806,1586
M6,2026-06-22,Onion,1567,1354,1616,1495
M6,2026-06-23,Onion,1705,1366,1610,1482
M6,2026-06-24,Onion,1264,1474,1884,1675
M6,2026-06-25,Onion,1553,1299,1651,1462
M6,2026-06-27,Onion,1289,1391,1649,1493
M6,2026-06-29,Onion,1833,1484,1792,1651
M6,2026-06-30,Onion,1560,1564,1868,1678
M7,2024-01-02,Onion,2505,840,1034,936
M7,2024-01-04,Onion,2242,851,1037,915
M7,2024-01-05,Onion,2307,737,934,865
M7,2024-01-06,Onion,2318,850,963,897
M7,2024-01-07,Onion,2223,823,939,879
M7,2024-01-08,Onion,2772,843,1090,969
M7,2024-01-09,Onion,2771,806,938,880
M7,2024-01-10,Onion,2505,793,926,869
M7,2024-01-11,Onion,2226,881,1040,949
M7,2024-01-12,Onion,2635,750,925,862
M7,2024-01-14,Onion,2370,825,939,883
M7,2024-01-17,Onion,3115,844,1015,965
M7,2024-01-18,Onion,2734,818,1082,955
M7,2024-01-19,Onion,2803,791,963,855
M7,2024-01-20,Onion,3149,836,1029,973
M7,2024-01-21,Onion,3104,756,959,884
M7,2024-01-22,Onion,2206,840,1008,920
M7,2024-01-24,Onion,2224,852,1051,927
M7,2024-01-25,Onion,2882,722,950,839
M7,2024-01-26,Onion,2256,830,1054,958
M7,2024-01-27,Onion,2691,752,955,845
M7,2024-01-29,Onion,2603,833,989,917
M7,2024-01-30,Onion,2249,830,1041,966
M7,2024-02-01,Onion,3197,735,938,853
M7,2024-02-03,Onion,3197,752,960,855
M7,2024-02-04,Onion,2824,835,1021,891
M7,2024-02-05,Onion,2992,819,948,898
M7,2024-02-06,Onion,3127,743,885,806
M7,2024-02-07,Onion,3262,837,985,891
M7,2024-02-08,Onion,2720,845,1027,905
M7,2024-02-09,Onion,2892,769,963,871
M7,2024-02-10,Onion,2386,797,920,841
M7,2024-02-11,Onion,2785,791,1045,916
M7,2024-02-12,Onion,2407,748,936,877
M7,2024-02-13,Onion,3343,780,907,845
M7,2024-02-15,Onion,3238,739,867,824
M7,2024-02-16,Onion,2931,816,992,869
M7,2024-02-18,Onion,2587,739,891,824
M7,2024-02-19,Onion,2585,803,915,852
M7,2024-02-20,Onion,2481,785,963,882
M7,2024-02-21,Onion,3393,716,890,794
M7,2024-02-22,Onion,2608,747,903,812
M7,2024-02-24,Onion,2946,844,1004,903
M7,2024-02-25,Onion,2391,774,971,873
M7,2024-02-26,Onion,3215,679,843,797
M7,2024-02-27,Onion,3332,838,1004,913
M7,2024-02-28,Onion,3042,794,955,855
M7,2024-02-29,Onion,3266,688,849,804
M7,2024-03-01,Onion,2476,755,971,858
M7,2024-03-02,Onion,3143,879,1013,962
M7,2024-03-03,Onion,2846,799,1070,940
M7,2024-03-04,Onion,3134,865,1041,920
M7,2024-03-05,Onion,2691,891,1055,963
M7,2024-03-06,Onion,2838,737,893,841
M7,2024-03-07,Onion,2573,879,1097,958
M7,2024-03-08,Onion,2667,791,975,866
M7,2024-03-09,Onion,2374,828,998,886
M7,2024-03-10,Onion,3040,800,968,886
M7,2024-03-11,Onion,2964,762,955,892
M7,2024-03-12,Onion,2959,854,1046,971
M7,2024-03-13,Onion,2517,847,1066,971
M7,2024-03-14,Onion,2146,849,1068,970
M7,2024-03-16,Onion,2222,818,1076,959
M7,2024-03-18,Onion,3134,745,944,859
M7,2024-03-19,Onion,2746,864,1031,938
M7,2024-03-21,Onion,2775,856,960,902
M7,2024-03-23,Onion,2587,856,999,907
M7,2024-03-24,Onion,2764,799,1052,924
M7,2024-03-25,Onion,2143,805,951,854
M7,2024-03-26,Onion,3198,766,951,868
M7,2024-03-28,Onion,2572,867,1032,940
M7,2024-03-29,Onion,2696,823,1031,913
M7,2024-03-30,Onion,2158,766,1002,894
M7,2024-03-31,Onion,2194,796,982,889
M7,2024-04-01,Onion,2235,1023,1283,1132
M7,2024-04-02,Onion,2296,872,1147,1003
M7,2024-04-03,Onion,2603,906,1123,1004
M7,2024-04-04,Onion,1854,1038,1229,1159
M7,2024-04-05,Onion,2026,1006,1175,1119
M7,2024-04-06,Onion,2186,906,1071,1005
M7,2024-04-06,Onion,2186,906,1071,1005
M7,2024-04-07,Onion,2465,915,1172,1029
M7,2024-04-10,Onion,2331,1023,1243,1134
M7,2024-04-11,Onion,2171,1090,1301,1153
M7,2024-04-12,Onion,2384,958,1143,1079
M7,2024-04-13,Onion,2189,951,1162,1086
M7,2024-04-14,Onion,1899,1062,1267,1124
M7,2024-04-15,Onion,2427,955,1155,1073
M7,2024-04-16,Onion,2578,948,1149,1069
M7,2024-04-17,Onion,2326,1041,1219,1138
M7,2024-04-18,Onion,2186,950,1179,1072
M7,2024-04-19,Onion,2073,1010,1267,1116
M7,2024-04-20,Onion,2120,939,1147,1007
M7,2024-04-22,Onion,2684,1067,1290,1160
M7,2024-04-23,Onion,2021,986,1215,1085
M7,2024-04-24,Onion,2323,966,1213,1081
M7,2024-04-26,Onion,2634,865,1155,1009
M7,2024-04-27,Onion,2170,933,1174,1034
M7,2024-04-28,Onion,2249,957,1206,1099
M7,2024-04-29,Onion,2065,917,1173,1024
M7,2024-04-30,Onion,2048,1058,1250,1143
M7,2024-05-01,Onion,1786,1141,1487,1302
M7,2024-05-02,Onion,1570,1122,1500,1306
M7,2024-05-03,Onion,1718,1158,1400,1266
M7,2024-05-04,Onion,1690,1179,1451,1380
M7,2024-05-05,Onion,2208,1327,1578,1406
M7,2024-05-06,Onion,1610,1199,1508,1405
M7,2024-05-07,Onion,1520,1129,1298,1215
M7,2024-05-08,Onion,1963,1184,1463,1332
M7,2024-05-10,Onion,1653,1140,1455,1325
M7,2024-05-11,Onion,1861,1071,1292,1217
M7,2024-05-12,Onion,1624,1134,1373,1272
M7,2024-05-13,Onion,1881,1038,1310,1221
M7,2024-05-14,Onion,1802,1253,1503,1354
M7,2024-05-15,Onion,1542,1164,1370,1257
M7,2024-05-17,Onion,1906,1060,1320,1242
M7,2024-05-18,Onion,1743,1130,1412,1271
M7,2024-05-19,Onion,2049,1199,1533,1336
M7,2024-05-21,Onion,1760,1042,1355,1222
M7,2024-05-22,Onion,1557,1164,1409,1231
M7,2024-05-23,Onion,1666,1287,1500,1361
M7,2024-05-25,Onion,1613,1194,1475,1384
M7,2024-05-26,Onion,1547,1233,1497,1362
M7,2024-05-27,Onion,1856,1063,1297,1219
M7,2024-05-28,Onion,1645,1268,1496,1340
M7,2024-05-29,Onion,1646,1190,1536,1340
M7,2024-05-30,Onion,2097,1074,1317,1238
M7,2024-05-31,Onion,1861,1144,1405,1308
M7,2024-06-01,Onion,1294,1478,1762,1575
M7,2024-06-03,Onion,1329,1373,1715,1501
M7,2024-06-04,Onion,1438,1406,1692,1495
M7,2024-06-05,Onion,1774,1488,1817,1618
M7,2024-06-07,Onion,1859,1402,1820,1595
M7,2024-06-08,Onion,1374,1448,1738,1620
M7,2024-06-09,Onion,1591,1315,1555,1460
M7,2024-06-10,Onion,1432,1394,1744,1541
M7,2024-06-11,Onion,1524,1404,1707,1571
M7,2024-06-12,Onion,1753,1369,1623,1505
M7,2024-06-14,Onion,1559,1433,1749,1643
M7,2024-06-15,Onion,1883,1293,1582,1477
M7,2024-06-16,Onion,1549,1521,1885,1665
M7,2024-06-17,Onion,1880,1255,1645,1443
M7,2024-06-18,Onion,1402,1311,1732,1517
M7,2024-06-19,Onion,1656,1424,1728,1592
M7,2024-06-20,Onion,1815,1243,1609,1447
M7,2024-06-21,Onion,1766,1436,1787,1645
M7,2024-06-22,Onion,1479,1395,1753,1618
M7,2024-06-24,Onion,1420,1398,1688,1596
M7,2024-06-25,Onion,1281,1452,1768,1585
M7,2024-06-27,Onion,1784,1404,1678,1478
M7,2024-06-28,Onion,1772,1293,1593,1431
M7,2024-06-29,Onion,1528,1402,1807,1606
M7,2024-06-30,Onion,1446,1442,1662,1524
M7,2024-07-01,Onion,1630,1537,1906,1744
M7,2024-07-02,Onion,1576,1586,2003,1748
M7,2024-07-04,Onion,1474,1499,1955,1721
M7,2024-07-05,Onion,1674,1458,1747,1644
M7,2024-07-06,Onion,1566,1573,2025,1810
M7,2024-07-07,Onion,1280,1509,1681,1599
M7,2024-07-08,Onion,1239,1484,1868,1631
M7,2024-07-09,Onion,1197,1447,1738,1597
M7,2024-07-10,Onion,1335,1753,2009,1846
M7,2024-07-11,Onion,1669,1676,2002,1803
M7,2024-07-12,Onion,1671,1629,1981,1791
M7,2024-07-14,Onion,1401,1374,1683,1579
M7,2024-07-16,Onion,1445,1675,1998,1790
M7,2024-07-18,Onion,1404,1423,1880,1651
M7,2024-07-19,Onion,1443,1586,1857,1732
M7,2024-07-20,Onion,1640,1459,1684,1580
M7,2024-07-21,Onion,1382,1468,1852,1644
M7,2024-07-22,Onion,1226,1733,2020,1827
M7,2024-07-23,Onion,1181,1611,1951,1724
M7,2024-07-25,Onion,1664,1521,1823,1606
M7,2024-07-26,Onion,1417,1417,1901,1662
M7,2024-07-27,Onion,1526,1643,1970,1738
M7,2024-07-28,Onion,1279,1670,1860,1763
M7,2024-07-29,Onion,1557,1486,1793,1600
M7,2024-07-31,Onion,1603,1446,1766,1669
M7,2024-08-01,Onion,1456,1621,2013,1833
M7,2024-08-02,Onion,1172,1578,1941,1701
M7,2024-08-03,Onion,1272,1608,1844,1714
M7,2024-08-04,Onion,1539,1741,2048,1899
M7,2024-08-05,Onion,1107,1821,2091,1919
M7,2024-08-06,Onion,1533,1756,2044,1906
M7,2024-08-07,Onion,1185,1661,1913,1769
M7,2024-08-08,Onion,1217,1470,1931,1705
M7,2024-08-09,Onion,1409,1534,1898,1783
M7,2024-08-10,Onion,1197,1637,2041,1785
M7,2024-08-11,Onion,1609,1666,2060,1885
M7,2024-08-12,Onion,1174,1564,1913,1677
M7,2024-08-13,Onion,1169,1516,1900,1659
M7,2024-08-14,Onion,1555,1616,1959,1741
M7,2024-08-16,Onion,1453,1477,1772,1668
M7,2024-08-17,Onion,1400,1461,1860,1673
M7,2024-08-18,Onion,1486,1713,2030,1889
M7,2024-08-19,Onion,1340,1544,1929,1712
M7,2024-08-20,Onion,1505,1640,2054,1827
M7,2024-08-21,Onion,1557,1488,1909,1667
M7,2024-08-22,Onion,1373,1563,1879,1680
M7,2024-08-23,Onion,1482,1550,1891,1731
M7,2024-08-24,Onion,1304,1744,2116,1900
M7,2024-08-25,Onion,1566,1508,1818,1684
M7,2024-08-26,Onion,1402,1697,2073,1921
M7,2024-08-27,Onion,1549,1579,1980,1722
M7,2024-08-29,Onion,1238,1649,1987,1749
M7,2024-08-30,Onion,1231,1542,1924,1787
M7,2024-09-01,Onion,1271,1676,1906,1788
M7,2024-09-02,Onion,1604,1727,1970,1852
M7,2024-09-03,Onion,1648,1613,1828,1733
M7,2024-09-06,Onion,1593,1431,1810,1596
M7,2024-09-07,Onion,1192,1434,1730,1618
M7,2024-09-08,Onion,1467,1414,1734,1600
M7,2024-09-09,Onion,1211,1403,1771,1627
M7,2024-09-10,Onion,1567,1421,1809,1661
M7,2024-09-11,Onion,1389,1624,2007,1777
M7,2024-09-12,Onion,1548,1633,2017,1851
M7,2024-09-13,Onion,1637,1573,1895,1671
M7,2024-09-14,Onion,1178,1584,1954,1799
M7,2024-09-15,Onion,1570,1656,1945,1842
M7,2024-09-16,Onion,1662,1435,1868,1677
M7,2024-09-17,Onion,1279,1492,1948,1714
M7,2024-09-18,Onion,1311,1529,1788,1672
M7,2024-09-19,Onion,1366,1358,1755,1596
M7,2024-09-21,Onion,1160,1537,1887,1757
M7,2024-09-22,Onion,1193,1490,1778,1596
M7,2024-09-23,Onion,1295,1556,1914,1751
M7,2024-09-24,Onion,1564,1629,1933,1793
M7,2024-09-25,Onion,1547,1420,1849,1658
M7,2024-09-26,Onion,1461,1489,1809,1635
M7,2024-09-27,Onion,1327,1528,1775,1622
M7,2024-09-28,Onion,1290,1552,1954,1755
M7,2024-09-29,Onion,1163,1641,1982,1847
M7,2024-10-01,Onion,1507,2434,2930,2568
M7,2024-10-03,Onion,1423,2288,2846,2630
M7,2024-10-04,Onion,1405,2077,2694,2393
M7,2024-10-05,Onion,1589,2168,2699,2435
M7,2024-10-06,Onion,1820,2376,2838,2601
M7,2024-10-07,Onion,1495,2268,2821,2530
M7,2024-10-08,Onion,1426,2249,2918,2616
M7,2024-10-09,Onion,1276,2122,2538,2298
M7,2024-10-11,Onion,1285,2126,2550,2312
M7,2024-10-13,Onion,1709,2159,2766,2520
M7,2024-10-14,Onion,1782,2159,2854,2530
M7,2024-10-15,Onion,1799,2107,2581,2295
M7,2024-10-16,Onion,1533,2406,2833,2588
M7,2024-10-17,Onion,1284,2182,2671,2451
M7,2024-10-18,Onion,1527,2126,2473,2341
M7,2024-10-20,Onion,1584,2403,2810,2632
M7,2024-10-21,Onion,1440,1538,1847,1633
M7,2024-10-22,Onion,1509,1397,1685,1554
M7,2024-10-23,Onion,1650,1468,1724,1562
M7,2024-10-24,Onion,1841,1400,1747,1524
M7,2024-10-25,Onion,1856,1425,1801,1592
M7,2024-10-26,Onion,1333,1289,1599,1497
M7,2024-10-27,Onion,1859,1405,1649,1560
M7,2024-10-28,Onion,1723,1377,1767,1588
M7,2024-10-29,Onion,1893,1428,1746,1623
M7,2024-10-30,Onion,1367,1423,1835,1610
M7,2024-10-31,Onion,1610,1411,1697,1596
M7,2024-11-01,Onion,1719,1232,1522,1419
M7,2024-11-02,Onion,2096,1166,1406,1284
M7,2024-11-03,Onion,1952,1162,1409,1273
M7,2024-11-04,Onion,1657,1261,1521,1357
M7,2024-11-05,Onion,2102,1114,1394,1226
M7,2024-11-06,Onion,1870,1109,1398,1254
M7,2024-11-07,Onion,1907,1228,1522,1359
M7,2024-11-08,Onion,1814,1120,1307,1235
M7,2024-11-09,Onion,1697,1168,1372,1306
M7,2024-11-09,Onion,1697,1168,1372,1306
M7,2024-11-10,Onion,1563,1264,1533,1395
M7,2024-11-11,Onion,2042,1263,1486,1396
M7,2024-11-12,Onion,1573,1067,1354,1230
M7,2024-11-13,Onion,1513,1251,1432,1333
M7,2024-11-14,Onion,1833,1233,1550,1391
M7,2024-11-15,Onion,1862,1167,1391,1251
M7,2024-11-16,Onion,1966,1291,1539,1409
M7,2024-11-17,Onion,2178,1219,1519,1426
M7,2024-11-18,Onion,1826,1215,1429,1306
M7,2024-11-19,Onion,1734,1256,1497,1339
M7,2024-11-20,Onion,2110,1184,1453,1310
M7,2024-11-21,Onion,1616,1284,1509,1371
M7,2024-11-22,Onion,2183,1191,1419,1270
M7,2024-11-24,Onion,2081,1155,1400,1276
M7,2024-11-25,Onion,1580,1181,1433,1307
M7,2024-11-28,Onion,2115,1106,1348,1232
M7,2024-11-29,Onion,1985,1198,1467,1288
M7,2024-11-30,Onion,1610,1102,1389,1290
M7,2024-12-01,Onion,1868,1020,1262,1148
M7,2024-12-02,Onion,2648,1073,1258,1172
M7,2024-12-03,Onion,2558,963,1091,1036
M7,2024-12-04,Onion,1912,1046,1263,1128
M7,2024-12-05,Onion,2343,921,1080,1012
M7,2024-12-06,Onion,2538,1064,1350,1179
M7,2024-12-07,Onion,1975,904,1128,1024
M7,2024-12-08,Onion,2609,878,1079,1022
M7,2024-12-09,Onion,2327,1040,1282,1154
M7,2024-12-10,Onion,2396,923,1132,1046
M7,2024-12-11,Onion,2362,1039,1324,1169
M7,2024-12-12,Onion,1975,908,1105,1015
M7,2024-12-13,Onion,2113,1110,1332,1177
M7,2024-12-14,Onion,2551,1040,1292,1129
M7,2024-12-15,Onion,2007,1076,1280,1161
M7,2024-12-16,Onion,2076,1011,1301,1154
M7,2024-12-17,Onion,2003,915,1127,1069
M7,2024-12-18,Onion,2307,996,1170,1082
M7,2024-12-19,Onion,1867,979,1244,1085
M7,2024-12-20,Onion,1891,917,1102,1030
M7,2024-12-21,Onion,2210,894,1174,1051
M7,2024-12-22,Onion,2542,1000,1274,1121
M7,2024-12-23,Onion,2527,920,1124,1038
M7,2024-12-24,Onion,2536,975,1109,1041
M7,2024-12-25,Onion,2683,961,1187,1041
M7,2024-12-27,Onion,2058,1037,1207,1138
M7,2024-12-28,Onion,1846,947,1133,1014
M7,2024-12-30,Onion,2335,964,1246,1126
M7,2024-12-31,Onion,2459,997,1247,1093
M7,2025-01-01,Onion,2450,782,935,882
M7,2025-01-01,Onion,2450,782,935,882
M7,2025-01-02,Onion,3029,880,1099,983
M7,2025-01-03,Onion,2938,782,956,861
M7,2025-01-04,Onion,2954,849,1008,947
M7,2025-01-05,Onion,2605,860,1037,987
M7,2025-01-07,Onion,2653,870,1016,961
M7,2025-01-08,Onion,2779,744,986,872
M7,2025-01-09,Onion,3040,781,981,889
M7,2025-01-10,Onion,3131,826,1091,950
M7,2025-01-11,Onion,2228,826,957,881
M7,2025-01-12,Onion,2636,825,1056,935
M7,2025-01-13,Onion,2354,833,939,885
M7,2025-01-14,Onion,2583,750,983,864
M7,2025-01-15,Onion,2171,830,1032,944
M7,2025-01-16,Onion,3120,813,981,909
M7,2025-01-17,Onion,3127,901,1089,967
M7,2025-01-18,Onion,2651,876,1037,944
M7,2025-01-20,Onion,2475,860,997,935
M7,2025-01-22,Onion,2661,908,1082,987
M7,2025-01-23,Onion,2223,917,1036,965
M7,2025-01-25,Onion,2402,790,973,912
M7,2025-01-26,Onion,2820,919,1142,998
M7,2025-01-27,Onion,3060,879,1067,945
M7,2025-01-28,Onion,2548,930,1127,1000
M7,2025-01-29,Onion,2604,822,950,869
M7,2025-01-30,Onion,2320,766,914,863
M7,2025-01-31,Onion,2569,858,1035,934
M7,2025-02-01,Onion,3421,870,1062,924
M7,2025-02-03,Onion,3218,703,906,815
M7,2025-02-04,Onion,3254,739,875,798
M7,2025-02-05,Onion,2578,747,878,824
M7,2025-02-07,Onion,2394,763,968,853
M7,2025-02-07,Onion,2394,763,968,853
M7,2025-02-08,Onion,3411,727,888,844
M7,2025-02-09,Onion,2834,759,911,867
M7,2025-02-10,Onion,3246,819,969,914
M7,2025-02-11,Onion,3388,819,941,886
M7,2025-02-12,Onion,3202,818,920,864
M7,2025-02-13,Onion,3415,759,874,826
M7,2025-02-14,Onion,2769,781,992,876
M7,2025-02-15,Onion,3123,743,879,807
M7,2025-02-16,Onion,2443,742,884,805
M7,2025-02-17,Onion,2983,786,947,845
M7,2025-02-18,Onion,2823,833,941,883
M7,2025-02-19,Onion,2474,856,1053,934
M7,2025-02-21,Onion,2520,746,895,815
M7,2025-02-22,Onion,3431,749,936,836
M7,2025-02-23,Onion,2844,807,992,903
M7,2025-02-24,Onion,2321,766,934,869
M7,2025-02-25,Onion,2748,796,1009,895
M7,2025-02-26,Onion,2453,806,973,916
M7,2025-02-27,Onion,2977,730,953,854
M7,2025-03-01,Onion,2593,763,957,863
M7,2025-03-02,Onion,2820,931,1115,997
M7,2025-03-03,Onion,2479,785,998,888
M7,2025-03-04,Onion,2903,848,1062,996
M7,2025-03-05,Onion,3119,874,1050,995
M7,2025-03-06,Onion,3004,906,1144,996
M7,2025-03-07,Onion,2193,847,1103,980
M7,2025-03-08,Onion,2485,758,968,861
M7,2025-03-09,Onion,2695,783,941,870
M7,2025-03-10,Onion,2664,833,1006,949
M7,2025-03-11,Onion,2529,920,1072,979
M7,2025-03-12,Onion,2536,787,1015,900
M7,2025-03-13,Onion,2743,857,1104,973
M7,2025-03-15,Onion,2525,817,935,884
M7,2025-03-16,Onion,2188,896,1098,980
M7,2025-03-17,Onion,3105,892,1138,1000
M7,2025-03-18,Onion,2380,768,982,875
M7,2025-03-19,Onion,3192,833,1050,972
M7,2025-03-21,Onion,2520,919,1138,996
M7,2025-03-22,Onion,2836,896,1080,946
M7,2025-03-23,Onion,2861,803,999,888
M7,2025-03-24,Onion,2320,794,963,881
M7,2025-03-25,Onion,2641,772,981,901
M7,2025-03-27,Onion,2174,738,985,863
M7,2025-03-28,Onion,2897,854,1084,968
M7,2025-03-30,Onion,2367,738,910,860
M7,2025-03-31,Onion,2974,797,951,878
M7,2025-04-01,Onion,2689,894,1178,1037
M7,2025-04-02,Onion,1844,1070,1279,1181
M7,2025-04-03,Onion,2563,1061,1205,1147
M7,2025-04-04,Onion,1865,1076,1293,1153
M7,2025-04-06,Onion,2142,893,1181,1040
M7,2025-04-07,Onion,2221,1075,1248,1140
M7,2025-04-08,Onion,1850,965,1090,1025
M7,2025-04-09,Onion,2193,1005,1121,1065
M7,2025-04-10,Onion,2031,1038,1231,1138
M7,2025-04-11,Onion,2678,1079,1338,1168
M7,2025-04-12,Onion,2699,1013,1188,1081
M7,2025-04-13,Onion,1954,885,1111,1032
M7,2025-04-14,Onion,2258,943,1176,1087
M7,2025-04-15,Onion,2671,1056,1290,1147
M7,2025-04-16,Onion,2544,1031,1241,1093
M7,2025-04-17,Onion,2546,973,1170,1100
M7,2025-04-18,Onion,2596,1100,1316,1183
M7,2025-04-19,Onion,2440,990,1244,1109
M7,2025-04-20,Onion,2025,1035,1260,1122
M7,2025-04-21,Onion,2148,909,1092,1030
M7,2025-04-23,Onion,2570,1033,1195,1125
M7,2025-04-25,Onion,2265,998,1185,1123
M7,2025-04-26,Onion,2206,975,1233,1135
M7,2025-04-27,Onion,1973,1093,1309,1190
M7,2025-04-28,Onion,2359,1100,1350,1191
M7,2025-04-29,Onion,2434,1067,1262,1124
M7,2025-05-01,Onion,1509,1258,1587,1427
M7,2025-05-02,Onion,1648,1065,1399,1234
M7,2025-05-03,Onion,2004,1162,1329,1259
M7,2025-05-04,Onion,1836,1054,1325,1235
M7,2025-05-05,Onion,2176,1176,1466,1318
M7,2025-05-06,Onion,1819,1214,1632,1427
M7,2025-05-07,Onion,1951,1361,1514,1441
M7,2025-05-08,Onion,1810,1181,1469,1362
M7,2025-05-09,Onion,2116,1123,1436,1255
M7,2025-05-10,Onion,1557,1303,1481,1400
M7,2025-05-11,Onion,1742,1227,1519,1365
M7,2025-05-12,Onion,2205,1253,1481,1370
M7,2025-05-13,Onion,1699,1211,1491,1364
M7,2025-05-14,Onion,1907,1220,1458,1303
M7,2025-05-15,Onion,2183,1167,1455,1275
M7,2025-05-16,Onion,1535,1106,1355,1248
M7,2025-05-18,Onion,1809,1338,1534,1432
M7,2025-05-19,Onion,1533,1204,1445,1305
M7,2025-05-20,Onion,2124,1142,1382,1261
M7,2025-05-21,Onion,1671,1316,1519,1442
M7,2025-05-22,Onion,1603,1331,1503,1422
M7,2025-05-24,Onion,2186,1112,1426,1272
M7,2025-05-25,Onion,1565,1209,1577,1400
M7,2025-05-26,Onion,2097,1262,1554,1365
M7,2025-05-27,Onion,1837,1253,1488,1338
M7,2025-05-28,Onion,1666,1157,1365,1237
M7,2025-05-29,Onion,1632,1270,1480,1396
M7,2025-05-30,Onion,1752,1234,1440,1333
M7,2025-05-31,Onion,1939,1170,1425,1337
M7,2025-06-01,Onion,1309,1401,1758,1643
M7,2025-06-02,Onion,1456,1467,1817,1699
M7,2025-06-03,Onion,1302,1433,1860,1659
M7,2025-06-04,Onion,1364,1340,1608,1511
M7,2025-06-06,Onion,1272,1490,1791,1693
M7,2025-06-07,Onion,1651,1417,1697,1545
M7,2025-06-08,Onion,1827,1419,1772,1608
M7,2025-06-09,Onion,1840,1460,1848,1634
M7,2025-06-10,Onion,1816,1558,1762,1674
M7,2025-06-11,Onion,1534,1390,1587,1505
M7,2025-06-13,Onion,1811,1345,1674,1470
M7,2025-06-14,Onion,1770,1301,1644,1520
M7,2025-06-15,Onion,1871,1274,1569,1471
M7,2025-06-16,Onion,1406,1513,1827,1692
M7,2025-06-17,Onion,1819,1518,1735,1618
M7,2025-06-18,Onion,1680,1485,1740,1570
M7,2025-06-19,Onion,1468,1372,1632,1487
M7,2025-06-20,Onion,1746,1379,1737,1610
M7,2025-06-21,Onion,1493,1300,1654,1480
M7,2025-06-23,Onion,1496,1396,1740,1576
M7,2025-06-24,Onion,1837,1347,1631,1474
M7,2025-06-25,Onion,1557,1431,1634,1517
M7,2025-06-26,Onion,1617,1453,1853,1668
M7,2025-06-28,Onion,1310,1547,1865,1650
M7,2025-06-30,Onion,1384,1375,1657,1470
M7,2025-07-01,Onion,1690,1710,1988,1821
M7,2025-07-03,Onion,1621,1492,1827,1735
M7,2025-07-04,Onion,1607,1528,1857,1753
M7,2025-07-05,Onion,1427,1401,1740,1648
M7,2025-07-06,Onion,1490,1647,2030,1820
M7,2025-07-07,Onion,1440,1458,1927,1708
M7,2025-07-08,Onion,1174,1749,2023,1854
M7,2025-07-09,Onion,1626,1487,1867,1630
M7,2025-07-11,Onion,1675,1728,1985,1824
M7,2025-07-12,Onion,1530,1504,1829,1684
M7,2025-07-13,Onion,1150,1627,2045,1849
M7,2025-07-14,Onion,1352,1518,1820,1668
M7,2025-07-15,Onion,1416,1459,1774,1625
M7,2025-07-16,Onion,1164,1701,2036,1867
M7,2025-07-17,Onion,1336,1585,1952,1857
M7,2025-07-19,Onion,1413,1594,1861,1689
M7,2025-07-22,Onion,1494,1594,1868,1699
M7,2025-07-23,Onion,1519,1573,1886,1751
M7,2025-07-24,Onion,1415,1582,1883,1721
M7,2025-07-25,Onion,1649,1728,2030,1855
M7,2025-07-26,Onion,1459,1571,2007,1840
M7,2025-07-27,Onion,1471,1550,1931,1771
M7,2025-07-29,Onion,1417,1632,2015,1888
M7,2025-07-30,Onion,1564,1756,2126,1861
M7,2025-08-01,Onion,1305,1492,1848,1709
M7,2025-08-02,Onion,1372,1703,1949,1806
M7,2025-08-03,Onion,1397,1513,1918,1704
M7,2025-08-03,Onion,1397,1513,1918,1704
M7,2025-08-04,Onion,1641,1714,2048,1821
M7,2025-08-05,Onion,1432,1471,1879,1674
M7,2025-08-07,Onion,1297,1678,2108,1945
M7,2025-08-08,Onion,1202,1598,1832,1688
M7,2025-08-09,Onion,1520,1679,2133,1931
M7,2025-08-10,Onion,1506,2265,2551,2418
M7,2025-08-11,Onion,1627,2394,2720,2530
M7,2025-08-13,Onion,1378,2345,2936,2693
M7,2025-08-14,Onion,1383,2292,2911,2591
M7,2025-08-15,Onion,1448,2069,2672,2428
M7,2025-08-16,Onion,1177,2204,2716,2436
M7,2025-08-17,Onion,1105,2555,2854,2708
M7,2025-08-18,Onion,1626,2283,2782,2527
M7,2025-08-19,Onion,1455,2310,2964,2612
M7,2025-08-20,Onion,1254,2446,2954,2698
M7,2025-08-22,Onion,1404,2368,2852,2664
M7,2025-08-23,Onion,1135,2537,2935,2679
M7,2025-08-25,Onion,1243,2314,2932,2684
M7,2025-08-26,Onion,1438,1639,1950,1819
M7,2025-08-27,Onion,1121,1563,1847,1713
M7,2025-08-28,Onion,1302,1768,2032,1892
M7,2025-08-29,Onion,1232,1720,2063,1932
M7,2025-08-30,Onion,1554,1508,1882,1712
M7,2025-08-31,Onion,1167,1698,2024,1864
M7,2025-09-02,Onion,1677,1465,1803,1716
M7,2025-09-03,Onion,1687,1687,1999,1793
M7,2025-09-04,Onion,1531,1556,1777,1668
M7,2025-09-05,Onion,1259,1689,2131,1877
M7,2025-09-06,Onion,1375,1620,2076,1849
M7,2025-09-07,Onion,1502,1454,1856,1642
M7,2025-09-08,Onion,1624,1559,1923,1799
M7,2025-09-09,Onion,1613,1615,2118,1889
M7,2025-09-10,Onion,1371,1694,1908,1803
M7,2025-09-11,Onion,1556,1642,2132,1855
M7,2025-09-12,Onion,1173,1649,2009,1841
M7,2025-09-13,Onion,1238,1727,2069,1879
M7,2025-09-15,Onion,1220,1486,1931,1719
M7,2025-09-17,Onion,1204,1560,1983,1755
M7,2025-09-18,Onion,1349,1561,1912,1748
M7,2025-09-19,Onion,1287,1409,1751,1634
M7,2025-09-20,Onion,1248,1536,1776,1633
M7,2025-09-21,Onion,1702,1721,2027,1861
M7,2025-09-22,Onion,1145,1613,1889,1756
M7,2025-09-24,Onion,1356,1628,1855,1716
M7,2025-09-25,Onion,1498,1522,1923,1746
M7,2025-09-26,Onion,1600,1603,1979,1846
M7,2025-09-27,Onion,1698,1623,1910,1815
M7,2025-09-28,Onion,1312,1447,1873,1673
M7,2025-09-30,Onion,1427,1697,2028,1814
M7,2025-10-01,Onion,1488,1424,1824,1649
M7,2025-10-02,Onion,1586,1448,1765,1679
M7,2025-10-04,Onion,1461,1605,1926,1700
M7,2025-10-05,Onion,1307,1452,1787,1682
M7,2025-10-06,Onion,1703,1246,1646,1458
M7,2025-10-07,Onion,1435,1388,1743,1556
M7,2025-10-08,Onion,1628,1309,1647,1506
M7,2025-10-09,Onion,1797,1367,1643,1512
M7,2025-10-10,Onion,1544,1513,1753,1595
M7,2025-10-12,Onion,1630,1360,1645,1532
M7,2025-10-13,Onion,1511,1340,1718,1557
M7,2025-10-14,Onion,1654,1354,1771,1593
M7,2025-10-15,Onion,1394,1303,1663,1498
M7,2025-10-17,Onion,1279,1388,1618,1492
M7,2025-10-18,Onion,1298,1461,1806,1595
M7,2025-10-19,Onion,1662,1326,1658,1510
M7,2025-10-20,Onion,1865,1499,1779,1600
M7,2025-10-21,Onion,1567,1454,1733,1559
M7,2025-10-22,Onion,1758,1497,1700,1603
M7,2025-10-23,Onion,1814,1358,1701,1552
M7,2025-10-24,Onion,1279,1396,1655,1480
M7,2025-10-25,Onion,1516,1432,1702,1512
M7,2025-10-26,Onion,1558,1441,1775,1569
M7,2025-10-28,Onion,1447,1415,1826,1635
M7,2025-10-29,Onion,1874,1355,1596,1469
M7,2025-10-30,Onion,1365,1562,1894,1664
M7,2025-10-31,Onion,1613,1411,1764,1564
M7,2025-11-01,Onion,1721,1199,1489,1301
M7,2025-11-02,Onion,1836,1127,1415,1264
M7,2025-11-03,Onion,1973,1138,1375,1300
M7,2025-11-04,Onion,1946,1074,1365,1242
M7,2025-11-05,Onion,1785,1227,1645,1435
M7,2025-11-06,Onion,1581,1206,1374,1275
M7,2025-11-07,Onion,2055,1221,1472,1368
M7,2025-11-10,Onion,1753,1283,1558,1436
M7,2025-11-11,Onion,2191,1301,1504,1379
M7,2025-11-13,Onion,1493,1337,1558,1427
M7,2025-11-14,Onion,1524,1324,1520,1445
M7,2025-11-15,Onion,1931,1244,1469,1378
M7,2025-11-16,Onion,2160,1226,1442,1346
M7,2025-11-17,Onion,1612,1160,1377,1281
M7,2025-11-19,Onion,1497,1258,1438,1361
M7,2025-11-20,Onion,2000,1367,1597,1446
M7,2025-11-21,Onion,1644,1190,1470,1296
M7,2025-11-22,Onion,1954,1213,1413,1285
M7,2025-11-24,Onion,1650,1130,1412,1255
M7,2025-11-25,Onion,2070,1188,1509,1358
M7,2025-11-27,Onion,1972,1106,1361,1268
M7,2025-11-29,Onion,1796,1084,1423,1255
M7,2025-12-01,Onion,2460,1092,1326,1179
M7,2025-12-02,Onion,2358,983,1290,1125
M7,2025-12-03,Onion,2406,972,1252,1113
M7,2025-12-04,Onion,2356,1049,1246,1124
M7,2025-12-05,Onion,2257,991,1243,1128
M7,2025-12-06,Onion,2119,968,1170,1086
M7,2025-12-07,Onion,2220,1012,1291,1183
M7,2025-12-08,Onion,2276,921,1220,1076
M7,2025-12-09,Onion,2639,1084,1375,1199
M7,2025-12-11,Onion,2203,993,1268,1139
M7,2025-12-12,Onion,2019,962,1214,1129
M7,2025-12-14,Onion,2696,918,1081,1028
M7,2025-12-16,Onion,2340,1039,1308,1159
M7,2025-12-17,Onion,1998,977,1210,1147
M7,2025-12-18,Onion,2661,1042,1366,1202
M7,2025-12-19,Onion,1868,1015,1204,1120
M7,2025-12-21,Onion,2261,1050,1315,1152
M7,2025-12-22,Onion,2597,1006,1335,1182
M7,2025-12-23,Onion,2693,940,1167,1085
M7,2025-12-24,Onion,2665,1060,1259,1160
M7,2025-12-25,Onion,2262,1034,1256,1129
M7,2025-12-26,Onion,2082,1026,1250,1158
M7,2025-12-27,Onion,2381,1106,1273,1188
M7,2025-12-30,Onion,2515,988,1229,1132
M7,2025-12-31,Onion,1827,1016,1265,1133
M7,2026-01-01,Onion,3031,932,1120,997
M7,2026-01-03,Onion,2218,898,1087,958
M7,2026-01-04,Onion,2473,882,1031,941
M7,2026-01-05,Onion,2284,796,1018,893
M7,2026-01-06,Onion,3202,762,979,885
M7,2026-01-07,Onion,2497,855,1093,994
M7,2026-01-08,Onion,2822,787,953,892
M7,2026-01-09,Onion,2466,772,957,901
M7,2026-01-10,Onion,2967,896,1127,1014
M7,2026-01-11,Onion,2159,802,1006,908
M7,2026-01-12,Onion,3076,782,991,902
M7,2026-01-15,Onion,2499,799,1016,935
M7,2026-01-17,Onion,2162,904,1091,1000
M7,2026-01-18,Onion,2458,833,995,893
M7,2026-01-19,Onion,3015,823,1035,939
M7,2026-01-20,Onion,2187,872,1109,1017
M7,2026-01-21,Onion,2388,880,1082,954
M7,2026-01-22,Onion,2860,913,1053,973
M7,2026-01-23,Onion,2782,784,971,893
M7,2026-01-25,Onion,3124,836,1078,981
M7,2026-01-26,Onion,2518,777,1010,902
M7,2026-01-27,Onion,2587,807,1066,948
M7,2026-01-28,Onion,2340,855,1008,944
M7,2026-01-30,Onion,2802,802,1009,930
M7,2026-01-31,Onion,3038,778,1016,912
M7,2026-02-01,Onion,3255,834,1004,925
M7,2026-02-02,Onion,3055,833,998,914
M7,2026-02-02,Onion,3055,833,998,914
M7,2026-02-03,Onion,2937,770,898,814
M7,2026-02-04,Onion,2355,772,955,876
M7,2026-02-05,Onion,2619,798,1032,935
M7,2026-02-06,Onion,2850,719,948,839
M7,2026-02-07,Onion,3191,743,890,824
M7,2026-02-08,Onion,3103,726,859,814
M7,2026-02-09,Onion,2638,805,988,932
M7,2026-02-10,Onion,3312,900,1080,949
M7,2026-02-11,Onion,2690,776,916,832
M7,2026-02-12,Onion,2529,741,953,855
M7,2026-02-13,Onion,2694,809,1050,926
M7,2026-02-15,Onion,2578,791,1008,910
M7,2026-02-16,Onion,2603,789,959,902
M7,2026-02-18,Onion,3151,724,895,838
M7,2026-02-19,Onion,3310,780,984,917
M7,2026-02-20,Onion,2863,751,933,831
M7,2026-02-21,Onion,3133,813,1061,953
M7,2026-02-22,Onion,2324,858,991,919
M7,2026-02-23,Onion,2956,794,953,867
M7,2026-02-24,Onion,2448,759,897,839
M7,2026-02-25,Onion,3126,815,1032,943
M7,2026-02-26,Onion,2828,873,1028,933
M7,2026-02-28,Onion,2544,830,998,912
M7,2026-03-01,Onion,2361,846,1012,899
M7,2026-03-02,Onion,2755,863,1061,1005
M7,2026-03-04,Onion,2884,847,1036,919
M7,2026-03-05,Onion,2160,823,997,873
M7,2026-03-06,Onion,2960,905,1078,999
M7,2026-03-07,Onion,2659,881,1035,963
M7,2026-03-08,Onion,2850,926,1094,980
M7,2026-03-09,Onion,2994,857,1038,959
M7,2026-03-10,Onion,2292,880,1017,962
M7,2026-03-13,Onion,2147,856,1041,925
M7,2026-03-14,Onion,2370,792,980,875
M7,2026-03-15,Onion,2445,856,960,912
M7,2026-03-16,Onion,2287,797,965,899
M7,2026-03-17,Onion,2874,835,983,902
M7,2026-03-18,Onion,3038,762,1003,879
M7,2026-03-19,Onion,2704,789,979,890
M7,2026-03-20,Onion,3138,867,1054,970
M7,2026-03-21,Onion,2416,830,994,904
M7,2026-03-22,Onion,2760,893,1124,982
M7,2026-03-23,Onion,2954,863,1015,930
M7,2026-03-24,Onion,2359,802,1046,917
M7,2026-03-25,Onion,3059,869,1026,923
M7,2026-03-26,Onion,2658,909,1071,969
M7,2026-03-27,Onion,2566,892,1039,987
M7,2026-03-28,Onion,2930,876,1039,978
M7,2026-03-29,Onion,3198,773,923,876
M7,2026-03-30,Onion,2217,838,998,893
M7,2026-04-02,Onion,2243,980,1195,1097
M7,2026-04-03,Onion,2073,1072,1295,1157
M7,2026-04-04,Onion,2146,1025,1289,1183
M7,2026-04-05,Onion,2206,1085,1261,1154
M7,2026-04-06,Onion,2668,1123,1302,1184
M7,2026-04-07,Onion,2678,1018,1251,1163
M7,2026-04-08,Onion,2654,1009,1178,1104
M7,2026-04-09,Onion,2404,985,1239,1142
M7,2026-04-10,Onion,2670,1072,1251,1176
M7,2026-04-12,Onion,2417,901,1187,1059
M7,2026-04-13,Onion,2616,1035,1267,1143
M7,2026-04-15,Onion,2152,1023,1190,1117
M7,2026-04-16,Onion,1901,1087,1239,1155
M7,2026-04-18,Onion,2276,1067,1208,1142
M7,2026-04-19,Onion,1863,1098,1247,1185
M7,2026-04-20,Onion,2294,1033,1279,1191
M7,2026-04-21,Onion,2683,972,1157,1090
M7,2026-04-22,Onion,2405,1023,1218,1139
M7,2026-04-24,Onion,1859,979,1109,1047
M7,2026-04-25,Onion,2456,1006,1218,1120
M7,2026-04-26,Onion,2703,970,1181,1104
M7,2026-04-27,Onion,1844,957,1192,1071
M7,2026-04-28,Onion,1881,1086,1327,1211
M7,2026-04-29,Onion,2041,998,1230,1138
M7,2026-04-30,Onion,2539,998,1217,1101
M7,2026-05-01,Onion,1941,1163,1371,1266
M7,2026-05-04,Onion,2106,1196,1547,1353
M7,2026-05-05,Onion,1700,1121,1399,1266
M7,2026-05-06,Onion,2073,1327,1689,1471
M7,2026-05-07,Onion,2227,1100,1365,1276
M7,2026-05-10,Onion,1632,1182,1427,1277
M7,2026-05-11,Onion,1504,1365,1588,1467
M7,2026-05-12,Onion,2073,1269,1518,1343
M7,2026-05-13,Onion,1893,1196,1453,1285
M7,2026-05-14,Onion,1509,1186,1484,1339
M7,2026-05-15,Onion,1891,1150,1392,1268
M7,2026-05-16,Onion,1881,1161,1440,1330
M7,2026-05-17,Onion,1549,1305,1534,1388
M7,2026-05-18,Onion,1621,1246,1537,1382
M7,2026-05-19,Onion,2025,1240,1557,1367
M7,2026-05-20,Onion,2029,1280,1529,1405
M7,2026-05-22,Onion,1999,1214,1445,1325
M7,2026-05-24,Onion,2221,1326,1568,1451
M7,2026-05-25,Onion,1688,1253,1522,1338
M7,2026-05-27,Onion,1864,1299,1486,1397
M7,2026-05-28,Onion,2039,1144,1495,1322
M7,2026-05-29,Onion,2111,1170,1455,1326
M7,2026-05-31,Onion,1768,1154,1527,1331
M7,2026-06-01,Onion,1380,1521,1937,1710
M7,2026-06-02,Onion,1358,1410,1697,1485
M7,2026-06-03,Onion,1656,1558,1908,1663
M7,2026-06-04,Onion,1865,1470,1747,1614
M7,2026-06-06,Onion,1416,1409,1727,1623
M7,2026-06-07,Onion,1519,1514,1842,1713
M7,2026-06-09,Onion,1568,1492,1833,1731
M7,2026-06-10,Onion,1560,1313,1648,1513
M7,2026-06-11,Onion,1663,1503,1871,1648
M7,2026-06-12,Onion,1419,1561,1878,1646
M7,2026-06-13,Onion,1421,1420,1790,1615
M7,2026-06-15,Onion,1354,1472,1910,1701
M7,2026-06-16,Onion,1881,1610,1917,1728
M7,2026-06-17,Onion,1510,1315,1662,1511
M7,2026-06-20,Onion,1383,1294,1628,1484
M7,2026-06-21,Onion,1814,1407,1866,1651
M7,2026-06-22,Onion,1447,1368,1641,1527
M7,2026-06-23,Onion,1639,1321,1608,1518
M7,2026-06-24,Onion,1689,1541,1875,1640
M7,2026-06-26,Onion,1366,1579,1904,1703
M7,2026-06-27,Onion,1874,1453,1705,1567
M7,2026-06-28,Onion,1698,1318,1711,1512
M7,2026-06-29,Onion,1826,1400,1759,1627
M7,2026-06-30,Onion,1272,1318,1717,1536
M8,2024-01-01,Onion,2170,764,863,807
M8,2024-01-02,Onion,2755,690,866,811
M8,2024-01-03,Onion,2471,741,925,850
M8,2024-01-04,Onion,2803,707,869,771
M8,2024-01-05,Onion,2512,761,1010,888
M8,2024-01-06,Onion,2323,801,937,861
M8,2024-01-08,Onion,2255,716,905,829
M8,2024-01-09,Onion,2375,695,861,768
M8,2024-01-10,Onion,2850,804,972,880
M8,2024-01-11,Onion,2005,741,938,828
M8,2024-01-12,Onion,2831,662,875,777
M8,2024-01-13,Onion,2850,708,827,778
M8,2024-01-14,Onion,2514,796,966,859
M8,2024-01-15,Onion,2571,666,852,781
M8,2024-01-16,Onion,2301,740,864,793
M8,2024-01-17,Onion,2557,832,992,881
M8,2024-01-18,Onion,2585,767,919,813
M8,2024-01-21,Onion,2568,700,923,822
M8,2024-01-22,Onion,2501,709,816,777
M8,2024-01-23,Onion,2117,757,942,863
M8,2024-01-24,Onion,2732,770,895,824
M8,2024-01-25,Onion,2804,804,911,861
M8,2024-01-26,Onion,2435,690,898,795
M8,2024-01-28,Onion,2560,765,911,842
M8,2024-01-29,Onion,2919,691,888,805
M8,2024-01-30,Onion,2841,701,887,814
M8,2024-01-31,Onion,2491,763,903,839
M8,2024-02-01,Onion,3093,688,875,782
M8,2024-02-03,Onion,2465,721,850,799
M8,2024-02-05,Onion,2316,646,842,733
M8,2024-02-07,Onion,2133,692,852,756
M8,2024-02-08,Onion,2124,673,848,777
M8,2024-02-10,Onion,2422,644,808,735
M8,2024-02-10,Onion,2422,644,808,735
M8,2024-02-11,Onion,2783,710,856,768
M8,2024-02-15,Onion,3060,658,817,728
M8,2024-02-16,Onion,2182,733,874,802
M8,2024-02-17,Onion,2883,668,880,773
M8,2024-02-18,Onion,2646,771,893,828
M8,2024-02-19,Onion,2686,671,784,725
M8,2024-02-20,Onion,2946,740,913,806
M8,2024-02-22,Onion,2825,682,788,745
M8,2024-02-23,Onion,2442,625,814,729
M8,2024-02-24,Onion,2320,775,883,823
M8,2024-02-25,Onion,2486,652,766,727
M8,2024-02-27,Onion,2104,700,899,818
M8,2024-02-28,Onion,2806,674,831,761
M8,2024-02-29,Onion,2151,770,889,824
M8,2024-03-02,Onion,2898,780,959,888
M8,2024-03-03,Onion,2118,747,955,832
M8,2024-03-04,Onion,2557,759,1004,885
M8,2024-03-05,Onion,2742,789,924,867
M8,2024-03-06,Onion,2259,794,959,872
M8,2024-03-07,Onion,2892,680,890,780
M8,2024-03-08,Onion,2200,736,846,792
M8,2024-03-09,Onion,2428,692,837,778
M8,2024-03-10,Onion,2816,750,926,823
M8,2024-03-11,Onion,2582,708,871,790
M8,2024-03-12,Onion,2383,798,903,854
M8,2024-03-13,Onion,2364,753,942,822
M8,2024-03-14,Onion,2374,798,991,875
M8,2024-03-15,Onion,2879,769,881,828
M8,2024-03-16,Onion,2524,739,933,818
M8,2024-03-18,Onion,2195,735,906,845
M8,2024-03-19,Onion,2748,757,893,848
M8,2024-03-20,Onion,2307,764,922,832
M8,2024-03-21,Onion,2512,827,945,877
M8,2024-03-22,Onion,2028,725,944,849
M8,2024-03-23,Onion,2847,710,915,808
M8,2024-03-24,Onion,2269,823,1004,876
M8,2024-03-25,Onion,2083,788,975,879
M8,2024-03-26,Onion,2717,672,852,774
M8,2024-03-27,Onion,2167,810,936,884
M8,2024-03-29,Onion,2502,732,890,801
M8,2024-03-30,Onion,2878,768,910,826
M8,2024-03-31,Onion,2430,686,911,802
M8,2024-04-01,Onion,2047,870,1117,996
M8,2024-04-02,Onion,1754,907,1094,974
M8,2024-04-03,Onion,1861,899,1062,970
M8,2024-04-04,Onion,1718,855,1049,933
M8,2024-04-05,Onion,2289,898,1080,1027
M8,2024-04-06,Onion,1790,927,1058,980
M8,2024-04-07,Onion,2417,899,1064,948
M8,2024-04-08,Onion,1990,945,1199,1049
M8,2024-04-09,Onion,1759,887,1061,990
M8,2024-04-10,Onion,2370,889,1019,955
M8,2024-04-11,Onion,1866,906,1128,1009
M8,2024-04-12,Onion,2061,842,1033,981
M8,2024-04-13,Onion,2098,954,1169,1023
M8,2024-04-14,Onion,1893,834,1084,976
M8,2024-04-15,Onion,2396,880,1116,996
M8,2024-04-16,Onion,1826,910,1087,1007
M8,2024-04-17,Onion,1842,877,1167,1015
M8,2024-04-18,Onion,2465,787,985,922
M8,2024-04-19,Onion,1869,809,998,928
M8,2024-04-20,Onion,2169,990,1145,1065
M8,2024-04-21,Onion,2072,884,1024,945
M8,2024-04-22,Onion,2170,879,1043,974
M8,2024-04-23,Onion,2217,884,1151,1027
M8,2024-04-24,Onion,2288,909,1102,1022
M8,2024-04-25,Onion,1854,914,1137,1045
M8,2024-04-26,Onion,2279,988,1121,1051
M8,2024-04-27,Onion,2377,959,1159,1056
M8,2024-04-28,Onion,1905,862,1121,993
M8,2024-04-30,Onion,1763,817,969,915
M8,2024-05-01,Onion,1893,1128,1363,1269
M8,2024-05-03,Onion,1615,1086,1353,1258
M8,2024-05-04,Onion,1479,972,1288,1120
M8,2024-05-05,Onion,1811,998,1210,1139
M8,2024-05-06,Onion,1750,996,1256,1151
M8,2024-05-07,Onion,1721,1032,1285,1122
M8,2024-05-08,Onion,1504,1003,1283,1137
M8,2024-05-09,Onion,1731,1129,1358,1245
M8,2024-05-10,Onion,2007,1024,1281,1132
M8,2024-05-11,Onion,1764,1154,1307,1243
M8,2024-05-13,Onion,1959,1020,1199,1131
M8,2024-05-14,Onion,1644,1099,1361,1266
M8,2024-05-15,Onion,1513,1057,1347,1244
M8,2024-05-16,Onion,1365,1049,1323,1153
M8,2024-05-17,Onion,1681,1086,1316,1189
M8,2024-05-19,Onion,1552,1154,1364,1242
M8,2024-05-20,Onion,1659,965,1206,1117
M8,2024-05-21,Onion,1788,1144,1361,1243
M8,2024-05-22,Onion,1427,1158,1468,1284
M8,2024-05-23,Onion,1650,1129,1411,1271
M8,2024-05-24,Onion,1375,1148,1291,1213
M8,2024-05-25,Onion,2034,1022,1212,1114
M8,2024-05-26,Onion,1596,1085,1399,1251
M8,2024-05-29,Onion,1710,1206,1462,1293
M8,2024-05-30,Onion,1430,1081,1290,1150
M8,2024-05-31,Onion,1762,1088,1339,1177
M8,2024-06-01,Onion,1557,1189,1420,1310
M8,2024-06-03,Onion,1162,1247,1532,1400
M8,2024-06-04,Onion,1724,1203,1572,1413
M8,2024-06-05,Onion,1623,1358,1742,1521
M8,2024-06-06,Onion,1666,1429,1720,1505
M8,2024-06-07,Onion,1721,1261,1630,1430
M8,2024-06-08,Onion,1251,1193,1517,1380
M8,2024-06-09,Onion,1679,1294,1584,1411
M8,2024-06-10,Onion,1547,1333,1577,1480
M8,2024-06-11,Onion,1501,1314,1631,1475
M8,2024-06-12,Onion,1393,1386,1582,1496
M8,2024-06-13,Onion,1668,1202,1451,1310
M8,2024-06-14,Onion,1675,1250,1435,1348
M8,2024-06-15,Onion,1416,1243,1403,1336
M8,2024-06-17,Onion,1590,1203,1558,1408
M8,2024-06-18,Onion,1401,1313,1545,1462
M8,2024-06-19,Onion,1730,1408,1593,1483
M8,2024-06-20,Onion,1332,1265,1416,1338
M8,2024-06-21,Onion,1413,1268,1510,1438
M8,2024-06-23,Onion,1635,1243,1526,1342
M8,2024-06-25,Onion,1440,1281,1574,1488
M8,2024-06-26,Onion,1479,1313,1622,1426
M8,2024-06-27,Onion,1329,1339,1571,1487
M8,2024-06-28,Onion,1312,1191,1497,1343
M8,2024-06-29,Onion,1487,1288,1615,1463
M8,2024-07-01,Onion,1485,1444,1790,1568
M8,2024-07-02,Onion,1476,1381,1722,1517
M8,2024-07-03,Onion,1546,1258,1622,1454
M8,2024-07-04,Onion,1365,1388,1679,1562
M8,2024-07-05,Onion,1357,1423,1835,1614
M8,2024-07-06,Onion,1260,1427,1887,1669
M8,2024-07-08,Onion,1250,1474,1803,1691
M8,2024-07-09,Onion,1505,1368,1751,1549
M8,2024-07-10,Onion,1128,1396,1703,1528
M8,2024-07-11,Onion,1224,1444,1845,1659
M8,2024-07-12,Onion,1402,1385,1690,1604
M8,2024-07-13,Onion,1511,1282,1696,1479
M8,2024-07-14,Onion,1397,1373,1662,1487
M8,2024-07-15,Onion,1048,1435,1709,1609
M8,2024-07-16,Onion,1531,1359,1618,1527
M8,2024-07-17,Onion,1233,1360,1697,1502
M8,2024-07-19,Onion,1070,1434,1696,1611
M8,2024-07-20,Onion,1294,1518,1819,1633
M8,2024-07-21,Onion,1458,1342,1650,1453
M8,2024-07-22,Onion,1265,1460,1854,1669
M8,2024-07-23,Onion,1537,1291,1637,1477
M8,2024-07-25,Onion,1304,1467,1734,1625
M8,2024-07-26,Onion,1146,1400,1837,1646
M8,2024-07-28,Onion,1065,1358,1700,1548
M8,2024-07-29,Onion,1391,1330,1671,1561
M8,2024-07-30,Onion,1074,1359,1651,1565
M8,2024-07-31,Onion,1234,1537,1781,1679
M8,2024-08-01,Onion,1464,1408,1782,1646
M8,2024-08-02,Onion,1120,1385,1746,1564
M8,2024-08-03,Onion,1314,1421,1657,1547
M8,2024-08-05,Onion,1408,1360,1734,1574
M8,2024-08-06,Onion,1117,1530,1800,1676
M8,2024-08-07,Onion,1299,1508,1818,1606
M8,2024-08-08,Onion,1157,1566,1894,1666
M8,2024-08-09,Onion,1068,1390,1831,1629
M8,2024-08-10,Onion,1374,1358,1637,1499
M8,2024-08-11,Onion,1504,1378,1764,1584
M8,2024-08-12,Onion,1239,1472,1833,1673
M8,2024-08-13,Onion,1485,1391,1742,1628
M8,2024-08-14,Onion,1114,1427,1678,1550
M8,2024-08-15,Onion,1489,1465,1647,1554
M8,2024-08-16,Onion,1410,1475,1802,1599
M8,2024-08-17,Onion,1444,1442,1720,1571
M8,2024-08-18,Onion,1184,1610,1811,1723
M8,2024-08-19,Onion,1402,1452,1868,1707
M8,2024-08-20,Onion,1318,1382,1821,1601
M8,2024-08-21,Onion,1100,1324,1581,1504
M8,2024-08-22,Onion,1458,1291,1622,1518
M8,2024-08-23,Onion,1502,1525,1897,1680
M8,2024-08-24,Onion,1288,1619,1914,1719
M8,2024-08-25,Onion,1347,1493,1753,1655
M8,2024-08-27,Onion,1088,1370,1701,1507
M8,2024-08-28,Onion,1114,1355,1649,1541
M8,2024-08-29,Onion,1123,1474,1823,1726
M8,2024-08-30,Onion,1174,1310,1623,1541
M8,2024-08-31,Onion,1177,1349,1669,1498
M8,2024-09-02,Onion,1054,1365,1607,1484
M8,2024-09-03,Onion,1269,1406,1678,1574
M8,2024-09-04,Onion,1318,1329,1624,1513
M8,2024-09-06,Onion,1262,1450,1675,1535
M8,2024-09-07,Onion,1299,1570,1937,1695
M8,2024-09-08,Onion,1171,1396,1699,1561
M8,2024-09-09,Onion,1164,1438,1707,1584
M8,2024-09-10,Onion,1448,1433,1699,1572
M8,2024-09-11,Onion,1058,1447,1827,1657
M8,2024-09-12,Onion,1363,1300,1677,1487
M8,2024-09-13,Onion,1349,1480,1773,1576
M8,2024-09-14,Onion,1407,1487,1856,1646
M8,2024-09-15,Onion,1305,1403,1785,1616
M8,2024-09-17,Onion,1193,1253,1571,1459
M8,2024-09-18,Onion,1092,1446,1669,1538
M8,2024-09-19,Onion,1475,1458,1902,1678
M8,2024-09-20,Onion,1363,1339,1629,1451
M8,2024-09-21,Onion,1189,1472,1770,1585
M8,2024-09-22,Onion,1461,1320,1635,1481
M8,2024-09-23,Onion,1222,1302,1639,1465
M8,2024-09-24,Onion,1401,1325,1584,1483
M8,2024-09-25,Onion,1390,1353,1571,1478
M8,2024-09-26,Onion,1487,1529,1716,1614
M8,2024-09-27,Onion,1528,1398,1669,1522
M8,2024-09-28,Onion,1500,1330,1606,1515
M8,2024-09-29,Onion,1412,1285,1578,1462
M8,2024-10-01,Onion,1160,2095,2535,2267
M8,2024-10-02,Onion,1688,1945,2553,2274
M8,2024-10-03,Onion,1405,1872,2246,2128
M8,2024-10-04,Onion,1363,1982,2334,2142
M8,2024-10-05,Onion,1166,2110,2511,2275
M8,2024-10-07,Onion,1507,2032,2615,2286
M8,2024-10-10,Onion,1715,2139,2702,2351
M8,2024-10-11,Onion,1612,1840,2381,2120
M8,2024-10-12,Onion,1338,2050,2509,2372
M8,2024-10-13,Onion,1280,2254,2659,2400
M8,2024-10-14,Onion,1567,2050,2523,2256
M8,2024-10-15,Onion,1634,2100,2488,2293
M8,2024-10-16,Onion,1628,1829,2349,2131
M8,2024-10-17,Onion,1457,1890,2464,2194
M8,2024-10-18,Onion,1521,2026,2335,2170
M8,2024-10-19,Onion,1413,2065,2686,2370
M8,2024-10-21,Onion,1537,1262,1508,1384
M8,2024-10-22,Onion,1561,1222,1428,1338
M8,2024-10-23,Onion,1174,1317,1718,1495
M8,2024-10-24,Onion,1262,1353,1533,1448
M8,2024-10-25,Onion,1504,1266,1539,1371
M8,2024-10-26,Onion,1552,1203,1452,1372
M8,2024-10-28,Onion,1607,1262,1528,1366
M8,2024-10-29,Onion,1697,1200,1433,1357
M8,2024-10-30,Onion,1678,1328,1677,1461
M8,2024-11-01,Onion,1604,1112,1452,1263
M8,2024-11-02,Onion,2033,990,1263,1140
M8,2024-11-03,Onion,2021,1207,1394,1274
M8,2024-11-04,Onion,1801,1087,1404,1239
M8,2024-11-06,Onion,1695,1150,1299,1232
M8,2024-11-08,Onion,1407,1037,1291,1157
M8,2024-11-09,Onion,1878,1168,1447,1263
M8,2024-11-11,Onion,1944,1040,1300,1169
M8,2024-11-12,Onion,1687,1194,1414,1278
M8,2024-11-13,Onion,1887,1046,1267,1144
M8,2024-11-15,Onion,1899,1055,1259,1132
M8,2024-11-16,Onion,1643,1055,1384,1215
M8,2024-11-17,Onion,1637,1010,1250,1132
M8,2024-11-18,Onion,1811,1088,1282,1189
M8,2024-11-19,Onion,1868,1052,1189,1115
M8,2024-11-20,Onion,1789,1174,1441,1273
M8,2024-11-21,Onion,1719,1201,1393,1270
M8,2024-11-22,Onion,1497,1171,1365,1272
M8,2024-11-23,Onion,1525,980,1273,1137
M8,2024-11-24,Onion,1850,988,1216,1125
M8,2024-11-25,Onion,1969,1174,1444,1294
M8,2024-11-26,Onion,1772,1054,1318,1227
M8,2024-11-27,Onion,1774,1075,1385,1207
M8,2024-11-29,Onion,1395,1064,1285,1192
M8,2024-11-29,Onion,1395,1064,1285,1192
M8,2024-11-30,Onion,1872,1007,1225,1121
M8,2024-12-02,Onion,2259,872,1034,981
M8,2024-12-03,Onion,2463,838,1080,954
M8,2024-12-04,Onion,1901,824,1074,937
M8,2024-12-05,Onion,2339,942,1192,1069
M8,2024-12-06,Onion,1767,852,1045,976
M8,2024-12-08,Onion,2056,950,1147,1042
M8,2024-12-09,Onion,2220,898,1003,954
M8,2024-12-11,Onion,2320,904,1119,1021
M8,2024-12-12,Onion,2072,926,1091,1028
M8,2024-12-13,Onion,2295,947,1069,997
M8,2024-12-15,Onion,2160,800,1031,929
M8,2024-12-17,Onion,2374,916,1151,1009
M8,2024-12-18,Onion,2161,879,1094,965
M8,2024-12-19,Onion,2393,979,1197,1076
M8,2024-12-21,Onion,2387,835,987,926
M8,2024-12-23,Onion,2231,876,1097,1009
M8,2024-12-24,Onion,1760,920,1084,1001
M8,2024-12-25,Onion,1701,837,1056,925
M8,2024-12-26,Onion,2156,822,1046,928
M8,2024-12-27,Onion,2248,938,1104,999
M8,2024-12-28,Onion,1656,869,1077,952
M8,2024-12-29,Onion,2403,838,1029,942
M8,2024-12-30,Onion,2094,890,1097,1003
M8,2024-12-31,Onion,2451,928,1184,1043
M8,2025-01-01,Onion,2635,728,899,787
M8,2025-01-01,Onion,2635,728,899,787
M8,2025-01-02,Onion,2654,694,833,789
M8,2025-01-03,Onion,2296,678,845,779
M8,2025-01-05,Onion,2313,740,952,851
M8,2025-01-06,Onion,2131,722,865,818
M8,2025-01-07,Onion,2382,824,980,914
M8,2025-01-08,Onion,2047,750,954,831
M8,2025-01-09,Onion,2450,751,976,871
M8,2025-01-10,Onion,2580,781,948,881
M8,2025-01-11,Onion,2689,767,924,859
M8,2025-01-12,Onion,1972,836,1012,905
M8,2025-01-14,Onion,2727,834,1000,904
M8,2025-01-15,Onion,2235,781,914,848
M8,2025-01-16,Onion,2646,772,895,828
M8,2025-01-17,Onion,2105,748,942,864
M8,2025-01-19,Onion,2671,760,900,809
M8,2025-01-20,Onion,2477,759,909,838
M8,2025-01-22,Onion,2533,695,865,810
M8,2025-01-23,Onion,1973,835,972,901
M8,2025-01-24,Onion,2096,785,958,848
M8,2025-01-25,Onion,2443,782,982,863
M8,2025-01-26,Onion,2777,736,870,808
M8,2025-01-27,Onion,2297,737,952,853
M8,2025-01-28,Onion,2524,764,999,887
M8,2025-01-29,Onion,2260,830,1012,894
M8,2025-01-30,Onion,2771,749,890,835
M8,2025-02-01,Onion,2675,733,876,789
M8,2025-02-02,Onion,2947,649,860,755
M8,2025-02-03,Onion,2582,784,961,851
M8,2025-02-04,Onion,2609,692,801,762
M8,2025-02-06,Onion,2687,654,876,764
M8,2025-02-07,Onion,2626,700,869,793
M8,2025-02-08,Onion,2256,680,836,730
M8,2025-02-09,Onion,2454,722,953,845
M8,2025-02-10,Onion,2905,692,934,814
M8,2025-02-11,Onion,2808,753,905,833
M8,2025-02-12,Onion,2745,780,905,846
M8,2025-02-13,Onion,3055,662,821,772
M8,2025-02-14,Onion,2943,722,890,822
M8,2025-02-16,Onion,2273,756,924,812
M8,2025-02-17,Onion,2162,734,915,846
M8,2025-02-18,Onion,2596,696,827,738
M8,2025-02-20,Onion,2825,670,904,787
M8,2025-02-21,Onion,2138,787,944,834
M8,2025-02-23,Onion,2767,709,921,830
M8,2025-02-24,Onion,2323,776,926,827
M8,2025-02-25,Onion,2852,719,859,787
M8,2025-02-26,Onion,3029,695,863,806
M8,2025-02-27,Onion,2350,718,888,838
M8,2025-02-28,Onion,2258,746,838,792
M8,2025-03-01,Onion,2058,839,993,888
M8,2025-03-02,Onion,2545,704,846,790
M8,2025-03-03,Onion,2604,813,984,893
M8,2025-03-04,Onion,2803,746,876,787
M8,2025-03-05,Onion,2542,763,924,814
M8,2025-03-06,Onion,2258,728,915,829
M8,2025-03-08,Onion,2671,801,964,890
M8,2025-03-09,Onion,2104,675,896,789
M8,2025-03-10,Onion,2646,851,964,916
M8,2025-03-11,Onion,2730,728,916,855
M8,2025-03-12,Onion,2109,712,889,827
M8,2025-03-13,Onion,2858,835,1012,892
M8,2025-03-15,Onion,2156,791,971,914
M8,2025-03-17,Onion,2607,784,1004,884
M8,2025-03-19,Onion,2557,808,963,867
M8,2025-03-20,Onion,2235,836,1033,917
M8,2025-03-22,Onion,2022,738,886,833
M8,2025-03-23,Onion,2341,846,995,898
M8,2025-03-24,Onion,2717,786,997,893
M8,2025-03-25,Onion,2512,731,884,818
M8,2025-03-26,Onion,2545,788,998,895
M8,2025-03-27,Onion,2023,787,891,840
M8,2025-03-28,Onion,2775,805,1001,901
M8,2025-03-29,Onion,2356,710,835,784
M8,2025-03-30,Onion,2373,747,946,833
M8,2025-04-01,Onion,2159,902,1065,957
M8,2025-04-02,Onion,2392,897,1150,1052
M8,2025-04-03,Onion,2070,934,1175,1086
M8,2025-04-04,Onion,2032,956,1158,1012
M8,2025-04-05,Onion,1758,1004,1172,1065
M8,2025-04-06,Onion,1781,884,1094,952
M8,2025-04-07,Onion,1658,908,1142,1055
M8,2025-04-08,Onion,2162,877,1007,947
M8,2025-04-09,Onion,2133,868,1020,942
M8,2025-04-10,Onion,1706,962,1165,1068
M8,2025-04-12,Onion,1870,807,1011,944
M8,2025-04-13,Onion,1809,858,1018,966
M8,2025-04-14,Onion,2275,872,1017,950
M8,2025-04-15,Onion,1988,982,1145,1049
M8,2025-04-16,Onion,1944,918,1141,1063
M8,2025-04-18,Onion,1695,801,1060,939
M8,2025-04-19,Onion,2275,883,1093,1020
M8,2025-04-21,Onion,1943,899,1189,1049
M8,2025-04-22,Onion,2420,837,1090,963
M8,2025-04-23,Onion,1782,1004,1125,1071
M8,2025-04-24,Onion,1718,913,1072,1018
M8,2025-04-25,Onion,2050,875,1080,957
M8,2025-04-26,Onion,1920,920,1101,1007
M8,2025-04-29,Onion,2259,989,1121,1042
M8,2025-04-30,Onion,1884,931,1117,985
M8,2025-05-01,Onion,2018,1083,1271,1190
M8,2025-05-04,Onion,1703,1115,1388,1310
M8,2025-05-05,Onion,1545,1047,1306,1193
M8,2025-05-06,Onion,1905,1012,1319,1176
M8,2025-05-07,Onion,1494,1056,1351,1236
M8,2025-05-09,Onion,1538,1175,1423,1315
M8,2025-05-11,Onion,1719,986,1229,1136
M8,2025-05-12,Onion,1749,1047,1367,1213
M8,2025-05-14,Onion,1767,1127,1401,1307
M8,2025-05-15,Onion,1416,1215,1480,1305
M8,2025-05-16,Onion,1427,1194,1488,1319
M8,2025-05-18,Onion,1951,1132,1407,1231
M8,2025-05-20,Onion,1419,1073,1251,1167
M8,2025-05-21,Onion,1558,1061,1257,1130
M8,2025-05-22,Onion,1423,1207,1407,1294
M8,2025-05-23,Onion,1658,1144,1378,1250
M8,2025-05-25,Onion,1852,1076,1241,1148
M8,2025-05-26,Onion,1988,1013,1315,1157
M8,2025-05-27,Onion,1633,1115,1418,1241
M8,2025-05-28,Onion,1631,1169,1407,1285
M8,2025-05-29,Onion,1923,1065,1384,1245
M8,2025-06-02,Onion,1440,1355,1662,1540
M8,2025-06-03,Onion,1621,1287,1592,1474
M8,2025-06-05,Onion,1159,1222,1633,1430
M8,2025-06-06,Onion,1521,1375,1654,1542
M8,2025-06-08,Onion,1689,1438,1688,1541
M8,2025-06-09,Onion,1408,1437,1756,1534
M8,2025-06-10,Onion,1186,1361,1682,1552
M8,2025-06-11,Onion,1460,1369,1688,1496
M8,2025-06-12,Onion,1354,1274,1522,1355
M8,2025-06-13,Onion,1362,1252,1538,1391
M8,2025-06-14,Onion,1398,1265,1482,1348
M8,2025-06-15,Onion,1719,1347,1546,1426
M8,2025-06-16,Onion,1427,1216,1441,1345
M8,2025-06-18,Onion,1220,1291,1574,1448
M8,2025-06-19,Onion,1715,1258,1510,1393
M8,2025-06-20,Onion,1194,1350,1713,1536
M8,2025-06-21,Onion,1478,1337,1676,1497
M8,2025-06-22,Onion,1365,1186,1554,1366
M8,2025-06-27,Onion,1690,1279,1480,1367
M8,2025-06-28,Onion,1214,1316,1516,1442
M8,2025-06-29,Onion,1427,1291,1584,1492
M8,2025-06-30,Onion,1256,1253,1470,1352
M8,2025-07-01,Onion,1169,1502,1872,1631
M8,2025-07-03,Onion,1455,1467,1824,1642
M8,2025-07-04,Onion,1288,1441,1855,1640
M8,2025-07-05,Onion,1164,1544,1762,1653
M8,2025-07-06,Onion,1238,1371,1735,1535
M8,2025-07-07,Onion,1247,1434,1776,1602
M8,2025-07-08,Onion,1487,1434,1760,1626
M8,2025-07-09,Onion,1407,1468,1708,1580
M8,2025-07-10,Onion,1374,1319,1615,1500
M8,2025-07-11,Onion,1238,1452,1703,1537
M8,2025-07-12,Onion,1091,1468,1720,1557
M8,2025-07-13,Onion,1499,1528,1899,1681
M8,2025-07-14,Onion,1279,1459,1689,1540
M8,2025-07-15,Onion,1498,1329,1618,1477
M8,2025-07-16,Onion,1538,1583,1947,1724
M8,2025-07-18,Onion,1541,1406,1707,1609
M8,2025-07-19,Onion,1222,1391,1723,1586
M8,2025-07-20,Onion,1382,1564,1951,1701
M8,2025-07-21,Onion,1447,1498,1782,1605
M8,2025-07-22,Onion,1113,1511,1869,1637
M8,2025-07-24,Onion,1506,1453,1682,1565
M8,2025-07-26,Onion,1340,1438,1695,1592
M8,2025-07-27,Onion,1096,1528,1940,1704
M8,2025-07-29,Onion,1517,1534,1914,1711
M8,2025-07-30,Onion,1443,1394,1730,1530
M8,2025-07-31,Onion,1509,1560,1946,1707
M8,2025-08-01,Onion,1199,1448,1661,1574
M8,2025-08-02,Onion,1027,1403,1683,1545
M8,2025-08-03,Onion,1429,1463,1800,1667
M8,2025-08-04,Onion,1338,1546,1747,1660
M8,2025-08-05,Onion,1015,1471,1794,1637
M8,2025-08-06,Onion,1404,1581,1919,1769
M8,2025-08-07,Onion,1355,1521,1871,1726
M8,2025-08-08,Onion,1261,1512,1802,1667
M8,2025-08-10,Onion,1315,1910,2332,2141
M8,2025-08-11,Onion,1342,2133,2580,2321
M8,2025-08-13,Onion,1071,2015,2497,2312
M8,2025-08-14,Onion,1355,1927,2505,2193
M8,2025-08-15,Onion,1178,1979,2474,2226
M8,2025-08-16,Onion,1480,1943,2528,2269
M8,2025-08-17,Onion,1401,1989,2421,2278
M8,2025-08-18,Onion,1490,1979,2338,2169
M8,2025-08-20,Onion,1177,2105,2627,2427
M8,2025-08-22,Onion,1162,2023,2467,2215
M8,2025-08-23,Onion,1271,1965,2362,2177
M8,2025-08-24,Onion,1323,1970,2375,2138
M8,2025-08-25,Onion,1251,1958,2322,2158
M8,2025-08-26,Onion,1010,1488,1902,1731
M8,2025-08-27,Onion,1023,1472,1765,1663
M8,2025-08-28,Onion,1234,1442,1855,1617
M8,2025-08-29,Onion,1089,1312,1695,1543
M8,2025-08-30,Onion,1353,1471,1745,1612
M8,2025-08-31,Onion,1138,1375,1660,1544
M8,2025-09-01,Onion,1557,1354,1710,1548
M8,2025-09-03,Onion,1418,1504,1758,1610
M8,2025-09-04,Onion,1555,1449,1797,1653
M8,2025-09-05,Onion,1062,1506,1819,1702
M8,2025-09-06,Onion,1338,1433,1707,1591
M8,2025-09-07,Onion,1558,1369,1668,1505
M8,2025-09-08,Onion,1077,1483,1792,1654
M8,2025-09-10,Onion,1417,1315,1706,1508
M8,2025-09-11,Onion,1069,1356,1732,1556
M8,2025-09-12,Onion,1479,1590,1851,1713
M8,2025-09-13,Onion,1294,1557,1966,1717
M8,2025-09-14,Onion,1163,1423,1864,1664
M8,2025-09-15,Onion,1485,1425,1803,1591
M8,2025-09-16,Onion,1307,1518,1716,1619
M8,2025-09-17,Onion,1365,1583,1895,1705
M8,2025-09-18,Onion,1200,1417,1700,1532
M8,2025-09-19,Onion,1112,1326,1647,1523
M8,2025-09-20,Onion,1093,1608,1854,1723
M8,2025-09-21,Onion,1322,1451,1763,1538
M8,2025-09-22,Onion,1316,1300,1712,1495
M8,2025-09-23,Onion,1212,1404,1725,1531
M8,2025-09-24,Onion,1463,1368,1726,1601
M8,2025-09-25,Onion,1522,1599,1950,1712
M8,2025-09-26,Onion,1047,1430,1743,1540
M8,2025-09-27,Onion,1056,1580,1866,1666
M8,2025-09-28,Onion,1101,1421,1589,1510
M8,2025-09-29,Onion,1306,1453,1829,1693
M8,2025-10-01,Onion,1255,1348,1718,1519
M8,2025-10-02,Onion,1591,1246,1658,1454
M8,2025-10-03,Onion,1203,1452,1639,1558
M8,2025-10-04,Onion,1683,1336,1703,1504
M8,2025-10-05,Onion,1353,1291,1535,1383
M8,2025-10-06,Onion,1235,1280,1545,1386
M8,2025-10-07,Onion,1649,1307,1703,1495
M8,2025-10-08,Onion,1405,1395,1713,1511
M8,2025-10-09,Onion,1488,1343,1714,1505
M8,2025-10-10,Onion,1413,1426,1650,1542
M8,2025-10-11,Onion,1665,1300,1606,1489
M8,2025-10-13,Onion,1710,1278,1530,1371
M8,2025-10-13,Onion,1710,1278,1530,1371
M8,2025-10-14,Onion,1587,1407,1721,1541
M8,2025-10-15,Onion,1194,1225,1593,1417
M8,2025-10-16,Onion,1492,1312,1480,1383
M8,2025-10-17,Onion,1307,1255,1533,1433
M8,2025-10-18,Onion,1158,1337,1515,1418
M8,2025-10-19,Onion,1237,1347,1574,1468
M8,2025-10-20,Onion,1371,1389,1637,1556
M8,2025-10-21,Onion,1404,1184,1417,1343
M8,2025-10-22,Onion,1691,1321,1583,1396
M8,2025-10-23,Onion,1349,1219,1584,1419
M8,2025-10-24,Onion,1727,1214,1440,1345
M8,2025-10-25,Onion,1685,1303,1604,1486
M8,2025-10-26,Onion,1336,1228,1433,1343
M8,2025-10-27,Onion,1169,1414,1760,1535
M8,2025-10-28,Onion,1163,1329,1796,1563
M8,2025-10-29,Onion,1437,1335,1573,1467
M8,2025-10-30,Onion,1684,1237,1505,1393
M8,2025-10-31,Onion,1633,1410,1758,1552
M8,2025-11-01,Onion,1654,1143,1439,1272
M8,2025-11-02,Onion,1700,1228,1447,1301
M8,2025-11-03,Onion,1445,1122,1347,1206
M8,2025-11-04,Onion,1816,1099,1441,1288
M8,2025-11-05,Onion,1670,1038,1321,1149
M8,2025-11-06,Onion,1672,1024,1287,1196
M8,2025-11-07,Onion,1834,1113,1436,1269
M8,2025-11-10,Onion,2023,1051,1303,1169
M8,2025-11-11,Onion,1943,1188,1415,1289
M8,2025-11-12,Onion,1810,1205,1406,1293
M8,2025-11-13,Onion,1849,1144,1385,1291
M8,2025-11-15,Onion,1961,999,1326,1163
M8,2025-11-16,Onion,1842,1195,1518,1325
M8,2025-11-17,Onion,1921,1079,1354,1257
M8,2025-11-18,Onion,1800,1180,1419,1265
M8,2025-11-19,Onion,1635,1185,1371,1288
M8,2025-11-20,Onion,1840,1052,1273,1141
M8,2025-11-21,Onion,1834,1024,1301,1194
M8,2025-11-22,Onion,1392,1108,1375,1280
M8,2025-11-24,Onion,1538,1098,1319,1167
M8,2025-11-25,Onion,1947,1072,1286,1194
M8,2025-11-26,Onion,1877,1026,1289,1158
M8,2025-11-27,Onion,2010,1142,1362,1287
M8,2025-11-29,Onion,1988,1206,1409,1324
M8,2025-12-02,Onion,2070,941,1222,1096
M8,2025-12-03,Onion,2168,949,1149,1088
M8,2025-12-04,Onion,1920,909,1084,998
M8,2025-12-05,Onion,2458,984,1152,1064
M8,2025-12-07,Onion,1890,917,1178,1061
M8,2025-12-08,Onion,2315,940,1125,1031
M8,2025-12-09,Onion,2396,926,1215,1084
M8,2025-12-11,Onion,2168,896,1120,1053
M8,2025-12-12,Onion,2233,854,1095,979
M8,2025-12-13,Onion,2002,908,1059,972
M8,2025-12-14,Onion,2375,986,1115,1054
M8,2025-12-15,Onion,1907,909,1103,966
M8,2025-12-16,Onion,2172,940,1217,1088
M8,2025-12-17,Onion,2244,949,1089,1032
M8,2025-12-18,Onion,2026,824,1078,948
M8,2025-12-18,Onion,2026,824,1078,948
M8,2025-12-19,Onion,1673,892,1108,996
M8,2025-12-20,Onion,1988,1002,1167,1074
M8,2025-12-21,Onion,2087,973,1113,1054
M8,2025-12-22,Onion,1776,959,1111,1041
M8,2025-12-23,Onion,2184,898,1065,983
M8,2025-12-24,Onion,2239,1007,1257,1097
M8,2025-12-25,Onion,2083,875,1125,982
M8,2025-12-26,Onion,2128,1005,1195,1069
M8,2025-12-27,Onion,2215,952,1116,1046
M8,2025-12-28,Onion,2083,889,1077,972
M8,2025-12-30,Onion,2243,870,1056,1001
M8,2025-12-31,Onion,2393,854,1063,985
M8,2026-01-02,Onion,2039,820,973,910
M8,2026-01-04,Onion,2907,803,896,848
M8,2026-01-05,Onion,2542,800,906,854
M8,2026-01-06,Onion,2369,755,926,871
M8,2026-01-08,Onion,2646,702,845,800
M8,2026-01-10,Onion,2828,786,914,837
M8,2026-01-11,Onion,2846,727,919,810
M8,2026-01-12,Onion,2405,680,903,797
M8,2026-01-13,Onion,2365,824,999,925
M8,2026-01-14,Onion,2530,740,887,844
M8,2026-01-15,Onion,2541,700,872,812
M8,2026-01-16,Onion,2411,764,904,811
M8,2026-01-17,Onion,2750,828,930,880
M8,2026-01-19,Onion,2168,824,948,880
M8,2026-01-20,Onion,2770,806,964,917
M8,2026-01-21,Onion,2188,772,897,822
M8,2026-01-22,Onion,2582,704,896,815
M8,2026-01-23,Onion,2061,708,866,814
M8,2026-01-24,Onion,2523,793,971,914
M8,2026-01-25,Onion,2270,787,927,851
M8,2026-01-26,Onion,2722,799,920,865
M8,2026-01-27,Onion,2785,804,939,892
M8,2026-01-28,Onion,2550,811,960,912
M8,2026-01-29,Onion,2259,740,882,822
M8,2026-01-30,Onion,2818,759,953,869
M8,2026-01-31,Onion,2628,801,971,877
M8,2026-02-01,Onion,3037,751,980,859
M8,2026-02-02,Onion,2748,679,892,776
M8,2026-02-03,Onion,2694,672,803,744
M8,2026-02-04,Onion,2113,713,870,808
M8,2026-02-05,Onion,3112,650,862,764
M8,2026-02-06,Onion,3127,770,920,813
M8,2026-02-07,Onion,2717,703,904,790
M8,2026-02-08,Onion,2894,651,806,761
M8,2026-02-09,Onion,3125,709,846,749
M8,2026-02-10,Onion,2823,700,804,743
M8,2026-02-11,Onion,2442,716,890,785
M8,2026-02-12,Onion,2529,820,937,866
M8,2026-02-14,Onion,2254,720,895,813
M8,2026-02-16,Onion,2794,788,941,868
M8,2026-02-17,Onion,2791,720,904,837
M8,2026-02-18,Onion,2771,784,914,868
M8,2026-02-19,Onion,2465,780,969,859
M8,2026-02-20,Onion,2425,689,859,777
M8,2026-02-21,Onion,2844,670,839,760
M8,2026-02-22,Onion,2142,648,849,759
M8,2026-02-25,Onion,2548,743,911,829
M8,2026-02-26,Onion,2698,671,804,748
M8,2026-02-27,Onion,2906,720,852,789
M8,2026-02-28,Onion,2983,776,896,819
M8,2026-03-01,Onion,2149,788,1043,908
M8,2026-03-02,Onion,2114,819,973,873
M8,2026-03-03,Onion,2594,753,933,824
M8,2026-03-04,Onion,2394,805,1013,933
M8,2026-03-06,Onion,2674,728,886,842
M8,2026-03-07,Onion,2841,780,953,869
M8,2026-03-08,Onion,2002,803,1009,884
M8,2026-03-09,Onion,2131,704,881,808
M8,2026-03-10,Onion,2481,757,981,886
M8,2026-03-11,Onion,2339,848,986,916
M8,2026-03-12,Onion,1967,761,891,848
M8,2026-03-13,Onion,2307,737,859,797
M8,2026-03-14,Onion,2844,767,976,889
M8,2026-03-15,Onion,2304,797,1018,895
M8,2026-03-16,Onion,2290,817,982,883
M8,2026-03-17,Onion,2228,758,988,883
M8,2026-03-18,Onion,2464,728,906,810
M8,2026-03-19,Onion,2858,718,862,813
M8,2026-03-21,Onion,2876,737,918,832
M8,2026-03-22,Onion,1953,804,1023,902
M8,2026-03-23,Onion,2372,751,964,859
M8,2026-03-24,Onion,1982,771,907,828
M8,2026-03-26,Onion,2599,772,959,835
M8,2026-03-27,Onion,2545,818,1050,930
M8,2026-03-29,Onion,2908,755,874,805
M8,2026-03-30,Onion,2898,749,854,812
M8,2026-03-31,Onion,2804,765,928,856
M8,2026-04-01,Onion,2118,988,1161,1079
M8,2026-04-02,Onion,1891,981,1195,1086
M8,2026-04-03,Onion,2267,935,1242,1082
M8,2026-04-04,Onion,1771,916,1149,1075
M8,2026-04-05,Onion,1655,902,1011,954
M8,2026-04-07,Onion,2144,990,1172,1074
M8,2026-04-08,Onion,2374,1011,1134,1069
M8,2026-04-11,Onion,2449,913,1092,978
M8,2026-04-12,Onion,2470,894,1108,1004
M8,2026-04-13,Onion,2283,972,1168,1036
M8,2026-04-14,Onion,2448,881,1059,945
M8,2026-04-15,Onion,2418,949,1145,1089
M8,2026-04-17,Onion,1747,941,1080,1009
M8,2026-04-18,Onion,2044,1018,1170,1095
M8,2026-04-19,Onion,2407,915,1101,1036
M8,2026-04-20,Onion,2152,943,1175,1108
M8,2026-04-21,Onion,2209,939,1260,1103
M8,2026-04-22,Onion,1840,963,1127,1019
M8,2026-04-23,Onion,2143,970,1141,1087
M8,2026-04-24,Onion,2394,1023,1188,1084
M8,2026-04-25,Onion,1862,815,1036,953
M8,2026-04-26,Onion,1788,878,1105,1028
M8,2026-04-27,Onion,2166,971,1158,1042
M8,2026-04-28,Onion,1771,893,1102,993
M8,2026-04-29,Onion,2179,857,1078,996
M8,2026-04-30,Onion,1787,852,1113,978
M8,2026-05-01,Onion,1621,1189,1382,1255
M8,2026-05-02,Onion,1527,1194,1413,1338
M8,2026-05-03,Onion,1693,1029,1240,1166
M8,2026-05-04,Onion,1590,1132,1370,1195
M8,2026-05-05,Onion,1791,1120,1377,1274
M8,2026-05-06,Onion,1717,1066,1290,1206
M8,2026-05-08,Onion,1718,1082,1424,1257
M8,2026-05-10,Onion,1763,1093,1300,1233
M8,2026-05-13,Onion,1890,1136,1360,1291
M8,2026-05-14,Onion,1415,1250,1425,1317
M8,2026-05-15,Onion,1490,1126,1405,1309
M8,2026-05-16,Onion,1693,1149,1347,1265
M8,2026-05-18,Onion,1388,1124,1428,1256
M8,2026-05-19,Onion,1579,1211,1449,1302
M8,2026-05-20,Onion,1819,1081,1410,1250
M8,2026-05-21,Onion,1933,1251,1539,1346
M8,2026-05-22,Onion,1693,1114,1305,1194
M8,2026-05-23,Onion,1629,1028,1298,1164
M8,2026-05-24,Onion,1521,1152,1383,1215
M8,2026-05-25,Onion,1805,1039,1254,1150
M8,2026-05-27,Onion,1825,1070,1260,1198
M8,2026-05-28,Onion,1704,1025,1232,1152
M8,2026-05-29,Onion,1615,1127,1497,1305
M8,2026-05-30,Onion,1474,1123,1405,1239
M8,2026-05-31,Onion,1507,1154,1390,1256
M8,2026-06-01,Onion,1484,1312,1619,1532
M8,2026-06-02,Onion,1217,1222,1538,1425
M8,2026-06-03,Onion,1468,1268,1607,1416
M8,2026-06-04,Onion,1580,1401,1606,1512
M8,2026-06-06,Onion,1210,1253,1585,1452
M8,2026-06-08,Onion,1538,1392,1778,1564
M8,2026-06-08,Onion,1538,1392,1778,1564
M8,2026-06-09,Onion,1481,1196,1501,1397
M8,2026-06-10,Onion,1266,1398,1654,1530
M8,2026-06-12,Onion,1213,1317,1670,1486
M8,2026-06-13,Onion,1209,1289,1680,1482
M8,2026-06-14,Onion,1355,1402,1709,1503
M8,2026-06-15,Onion,1671,1244,1484,1364
M8,2026-06-16,Onion,1626,1249,1565,1367
M8,2026-06-19,Onion,1628,1345,1682,1524
M8,2026-06-20,Onion,1656,1200,1485,1393
M8,2026-06-21,Onion,1468,1408,1624,1522
M8,2026-06-22,Onion,1428,1424,1685,1557
M8,2026-06-23,Onion,1211,1234,1567,1399
M8,2026-06-24,Onion,1685,1224,1564,1395
M8,2026-06-25,Onion,1427,1292,1520,1364
M8,2026-06-26,Onion,1642,1417,1746,1560
M8,2026-06-27,Onion,1588,1399,1612,1523
M8,2026-06-28,Onion,1600,1227,1561,1408
M8,2026-06-29,Onion,1283,1208,1472,1361
M8,2026-06-30,Onion,1402,1315,1554,1401
